-- MySQL dump 10.13  Distrib 8.0.16, for Win64 (x86_64)
--
-- Host: 127.0.0.1    Database: gosuslugi
-- ------------------------------------------------------
-- Server version	8.0.15

/*!40101 SET @OLD_CHARACTER_SET_CLIENT=@@CHARACTER_SET_CLIENT */;
/*!40101 SET @OLD_CHARACTER_SET_RESULTS=@@CHARACTER_SET_RESULTS */;
/*!40101 SET @OLD_COLLATION_CONNECTION=@@COLLATION_CONNECTION */;
 SET NAMES utf8 ;
/*!40103 SET @OLD_TIME_ZONE=@@TIME_ZONE */;
/*!40103 SET TIME_ZONE='+00:00' */;
/*!40014 SET @OLD_UNIQUE_CHECKS=@@UNIQUE_CHECKS, UNIQUE_CHECKS=0 */;
/*!40014 SET @OLD_FOREIGN_KEY_CHECKS=@@FOREIGN_KEY_CHECKS, FOREIGN_KEY_CHECKS=0 */;
/*!40101 SET @OLD_SQL_MODE=@@SQL_MODE, SQL_MODE='NO_AUTO_VALUE_ON_ZERO' */;
/*!40111 SET @OLD_SQL_NOTES=@@SQL_NOTES, SQL_NOTES=0 */;

--
-- Table structure for table `fines`
--

DROP TABLE IF EXISTS `fines`;
/*!40101 SET @saved_cs_client     = @@character_set_client */;
 SET character_set_client = utf8mb4 ;
CREATE TABLE `fines` (
  `id` int(10) unsigned NOT NULL AUTO_INCREMENT,
  `user_id` int(10) unsigned NOT NULL,
  `amount` decimal(10,0) unsigned NOT NULL,
  `description` longtext CHARACTER SET utf8mb4 COLLATE utf8mb4_bin NOT NULL,
  `issued_datetime` datetime NOT NULL DEFAULT CURRENT_TIMESTAMP,
  PRIMARY KEY (`id`),
  UNIQUE KEY `id_UNIQUE` (`id`),
  KEY `FK_FINES_USER_ID_idx` (`user_id`),
  CONSTRAINT `FK_FINES_USER_ID` FOREIGN KEY (`user_id`) REFERENCES `users` (`id`)
) ENGINE=InnoDB AUTO_INCREMENT=201 DEFAULT CHARSET=utf8;
/*!40101 SET character_set_client = @saved_cs_client */;

--
-- Dumping data for table `fines`
--

LOCK TABLES `fines` WRITE;
/*!40000 ALTER TABLE `fines` DISABLE KEYS */;
INSERT INTO `fines` VALUES (1,87,44093,'{\"uid\": 106131673.0}','2013-08-16 11:10:53'),(2,74,40261,'{\"uid\": 101984190.0}','1985-02-26 22:47:24'),(3,64,54705,'{\"uid\": 101525931.0}','2005-03-19 06:39:41'),(4,31,89963,'{\"uid\": 101677085.0}','2013-09-02 06:18:42'),(5,80,70532,'{\"uid\": 103807632.0}','1996-12-26 06:24:26'),(6,38,36276,'{\"uid\": 104006905.0}','2005-10-27 09:03:05'),(7,80,59087,'{\"uid\": 108611631.0}','1981-05-03 00:03:46'),(8,62,23586,'{\"uid\": 101037440.0}','2010-07-12 23:32:53'),(9,91,89251,'{\"uid\": 109352309.0}','1972-12-04 10:42:07'),(10,26,29688,'{\"uid\": 103649227.0}','2011-07-27 09:46:44'),(11,2,33648,'{\"uid\": 100189208.0}','2004-05-03 04:28:04'),(12,100,30368,'{\"uid\": 109998358.0}','2018-09-11 07:39:46'),(13,65,33480,'{\"uid\": 109424169.0}','1973-12-16 23:16:35'),(14,92,80885,'{\"uid\": 107125772.0}','1973-11-26 14:49:18'),(15,100,96226,'{\"uid\": 107356354.0}','1999-03-11 06:01:06'),(16,61,21867,'{\"uid\": 105404455.0}','1984-08-22 22:46:43'),(17,94,15992,'{\"uid\": 104953212.0}','1973-02-07 16:51:57'),(18,64,32386,'{\"uid\": 108552695.0}','1975-08-13 14:22:19'),(19,4,20507,'{\"uid\": 107903840.0}','2009-12-06 00:35:00'),(20,51,64498,'{\"uid\": 103861118.0}','1971-09-20 02:31:08'),(21,58,41508,'{\"uid\": 105594069.0}','1990-01-12 10:28:47'),(22,1,4474,'{\"uid\": 106386992.0}','1996-03-22 18:47:57'),(23,98,24235,'{\"uid\": 105152756.0}','2004-06-24 11:51:20'),(24,80,26468,'{\"uid\": 106602802.0}','1988-02-21 14:25:47'),(25,55,72743,'{\"uid\": 107555743.0}','1984-01-11 10:55:30'),(26,3,30550,'{\"uid\": 107970309.0}','2003-01-10 18:33:33'),(27,6,13027,'{\"uid\": 107184317.0}','2017-02-27 08:28:37'),(28,39,1417,'{\"uid\": 102010659.0}','1979-02-15 13:12:13'),(29,56,40643,'{\"uid\": 108500346.0}','2005-07-27 23:07:15'),(30,40,17457,'{\"uid\": 106469752.0}','2015-09-18 12:25:08'),(31,45,4386,'{\"uid\": 106847722.0}','1982-09-19 17:21:12'),(32,76,36505,'{\"uid\": 104829357.0}','1985-05-20 17:00:51'),(33,53,62970,'{\"uid\": 103603618.0}','1978-11-27 13:14:12'),(34,65,37925,'{\"uid\": 103530020.0}','1993-04-17 04:21:43'),(35,43,3028,'{\"uid\": 106839247.0}','1998-04-16 01:43:35'),(36,89,27678,'{\"uid\": 103606177.0}','2016-07-30 19:00:08'),(37,61,84823,'{\"uid\": 107513142.0}','2016-06-18 13:54:16'),(38,90,38086,'{\"uid\": 106747183.0}','2019-07-06 01:04:16'),(39,67,40230,'{\"uid\": 101196489.0}','2014-06-13 23:52:27'),(40,4,68929,'{\"uid\": 105740898.0}','1995-11-11 19:36:41'),(41,36,22416,'{\"uid\": 105115024.0}','1982-10-15 12:46:38'),(42,14,61185,'{\"uid\": 108352427.0}','1983-03-28 13:35:01'),(43,75,7208,'{\"uid\": 106417063.0}','1995-07-13 22:53:24'),(44,62,12093,'{\"uid\": 107028033.0}','2002-07-20 20:53:04'),(45,26,50852,'{\"uid\": 105888977.0}','2017-11-22 16:29:17'),(46,57,43297,'{\"uid\": 108360788.0}','1984-06-19 18:33:33'),(47,38,42990,'{\"uid\": 104137010.0}','1991-01-29 04:07:08'),(48,70,42077,'{\"uid\": 105602687.0}','1997-03-28 17:46:08'),(49,38,31768,'{\"uid\": 105602406.0}','1999-03-03 16:25:15'),(50,57,66440,'{\"uid\": 101203971.0}','1982-08-10 09:13:59'),(51,25,82772,'{\"uid\": 109212636.0}','2000-07-19 09:45:54'),(52,22,60244,'{\"uid\": 102451267.0}','1983-05-24 10:25:52'),(53,77,88612,'{\"uid\": 104618430.0}','2016-02-05 17:37:55'),(54,19,41870,'{\"uid\": 105738349.0}','1971-05-26 03:13:57'),(55,50,21960,'{\"uid\": 104836455.0}','1978-10-05 17:08:37'),(56,96,6382,'{\"uid\": 106967229.0}','2015-11-04 18:22:57'),(57,49,72743,'{\"uid\": 100326781.0}','1999-08-30 13:34:26'),(58,69,19512,'{\"uid\": 100732219.0}','1991-10-14 15:52:55'),(59,97,88282,'{\"uid\": 102680754.0}','1974-02-17 19:58:44'),(60,90,30714,'{\"uid\": 101207115.0}','1995-08-06 20:33:40'),(61,90,84365,'{\"uid\": 107993312.0}','2005-06-13 02:32:55'),(62,49,6042,'{\"uid\": 106345218.0}','2015-06-12 08:12:07'),(63,26,86424,'{\"uid\": 107746151.0}','1996-02-21 02:34:56'),(64,67,89528,'{\"uid\": 109695106.0}','2005-09-03 13:18:38'),(65,76,10019,'{\"uid\": 105237074.0}','2014-05-30 06:44:25'),(66,59,30601,'{\"uid\": 107100055.0}','2010-10-09 10:48:28'),(67,3,67904,'{\"uid\": 109789055.0}','1987-05-18 18:25:45'),(68,13,32673,'{\"uid\": 107645111.0}','1999-07-25 05:29:10'),(69,3,8870,'{\"uid\": 108858388.0}','1984-01-24 06:25:15'),(70,73,5009,'{\"uid\": 101356609.0}','1981-01-04 23:50:42'),(71,27,5496,'{\"uid\": 100207883.0}','2005-07-21 02:19:00'),(72,97,33601,'{\"uid\": 106969588.0}','1974-12-22 22:46:59'),(73,94,39138,'{\"uid\": 104224292.0}','2003-11-07 08:38:04'),(74,26,3860,'{\"uid\": 100212696.0}','1970-10-14 00:14:16'),(75,19,51691,'{\"uid\": 108390607.0}','2010-10-13 15:33:34'),(76,96,88370,'{\"uid\": 101314947.0}','2002-09-01 08:59:00'),(77,16,30713,'{\"uid\": 101402913.0}','2013-07-23 04:24:22'),(78,11,66753,'{\"uid\": 103069727.0}','1978-09-25 11:00:45'),(79,17,65906,'{\"uid\": 101139894.0}','1971-08-15 20:59:22'),(80,11,8798,'{\"uid\": 106490291.0}','2018-01-03 20:10:20'),(81,27,1903,'{\"uid\": 109031774.0}','1996-04-30 01:29:39'),(82,18,65545,'{\"uid\": 105688000.0}','2002-09-21 22:21:31'),(83,49,98252,'{\"uid\": 101344675.0}','1999-05-10 23:41:52'),(84,58,99559,'{\"uid\": 109659379.0}','1975-09-01 19:36:56'),(85,15,10244,'{\"uid\": 104262869.0}','2001-06-05 20:41:11'),(86,28,31105,'{\"uid\": 102336210.0}','1998-01-06 13:40:38'),(87,83,62032,'{\"uid\": 108892444.0}','1996-04-24 09:15:55'),(88,89,19676,'{\"uid\": 107453592.0}','1989-11-18 06:24:52'),(89,7,24976,'{\"uid\": 100590628.0}','1995-10-26 14:09:53'),(90,56,16879,'{\"uid\": 100592363.0}','1977-10-01 16:26:26'),(91,85,58261,'{\"uid\": 101189931.0}','1996-11-03 05:32:05'),(92,100,61746,'{\"uid\": 104172567.0}','1991-07-25 20:08:28'),(93,13,88773,'{\"uid\": 107293044.0}','2000-06-17 15:42:26'),(94,64,36932,'{\"uid\": 103947519.0}','1980-12-19 07:22:47'),(95,5,89133,'{\"uid\": 107858463.0}','1992-12-02 12:27:14'),(96,91,88659,'{\"uid\": 107449760.0}','1982-10-30 13:08:28'),(97,4,14056,'{\"uid\": 103673411.0}','1989-08-25 06:05:55'),(98,7,13768,'{\"uid\": 106017774.0}','1993-04-21 20:26:28'),(99,44,72408,'{\"uid\": 109068640.0}','2004-11-17 04:21:45'),(100,13,38976,'{\"uid\": 107289880.0}','1999-07-18 09:31:54'),(101,27,77510,'{\"uid\": 109243478.0}','2009-12-17 07:54:56'),(102,70,57350,'{\"uid\": 104347751.0}','1990-10-18 18:15:24'),(103,90,22387,'{\"uid\": 104008323.0}','1970-02-08 09:41:16'),(104,37,30895,'{\"uid\": 106998363.0}','2014-03-23 17:56:40'),(105,72,83245,'{\"uid\": 102966848.0}','1997-08-30 02:54:20'),(106,20,98106,'{\"uid\": 103839152.0}','1970-07-28 06:14:56'),(107,69,59005,'{\"uid\": 100295216.0}','1981-11-17 18:05:38'),(108,4,56240,'{\"uid\": 109958624.0}','1976-09-12 06:45:52'),(109,86,82260,'{\"uid\": 108907471.0}','2007-02-25 14:12:50'),(110,39,33330,'{\"uid\": 104661487.0}','2017-03-13 14:34:22'),(111,37,10573,'{\"uid\": 106585023.0}','2000-09-02 05:15:12'),(112,75,48477,'{\"uid\": 108940656.0}','2019-07-06 12:22:27'),(113,39,51459,'{\"uid\": 104948210.0}','1984-07-01 07:06:04'),(114,91,63635,'{\"uid\": 107919082.0}','1989-12-12 06:11:23'),(115,89,98887,'{\"uid\": 104750780.0}','1995-03-06 06:22:10'),(116,93,77676,'{\"uid\": 109996656.0}','1980-06-23 17:04:35'),(117,28,35219,'{\"uid\": 105730940.0}','1973-08-03 06:54:45'),(118,86,77760,'{\"uid\": 108664732.0}','1998-01-09 23:50:18'),(119,60,77734,'{\"uid\": 106130843.0}','1973-08-23 11:47:30'),(120,67,19373,'{\"uid\": 104660021.0}','2004-02-15 15:54:49'),(121,70,48104,'{\"uid\": 104907574.0}','2017-05-20 07:34:58'),(122,49,69473,'{\"uid\": 100557808.0}','1995-08-29 13:37:56'),(123,68,79998,'{\"uid\": 108066320.0}','1994-10-21 04:19:06'),(124,70,20218,'{\"uid\": 108658177.0}','1972-07-10 16:17:55'),(125,30,55200,'{\"uid\": 109091925.0}','2015-12-14 04:03:16'),(126,20,20379,'{\"uid\": 109485096.0}','2008-07-20 00:41:53'),(127,93,64288,'{\"uid\": 100149707.0}','1998-07-24 13:31:56'),(128,66,94156,'{\"uid\": 102293245.0}','1981-02-16 10:28:29'),(129,17,81800,'{\"uid\": 101017104.0}','1985-09-18 15:40:44'),(130,79,48266,'{\"uid\": 108205788.0}','2018-07-01 20:20:22'),(131,46,32892,'{\"uid\": 107977628.0}','1975-08-18 06:02:34'),(132,26,37399,'{\"uid\": 105270778.0}','1997-03-10 13:38:45'),(133,47,24925,'{\"uid\": 102421004.0}','1971-06-20 20:36:32'),(134,14,24444,'{\"uid\": 106292688.0}','1993-01-09 08:28:38'),(135,98,26377,'{\"uid\": 104200429.0}','1986-10-13 13:48:32'),(136,91,25579,'{\"uid\": 102124080.0}','2002-03-20 06:38:48'),(137,59,75445,'{\"uid\": 108019115.0}','1988-06-28 13:30:25'),(138,66,62782,'{\"uid\": 103723335.0}','2009-05-08 20:28:26'),(139,79,82992,'{\"uid\": 104559333.0}','2001-09-07 01:01:56'),(140,97,22335,'{\"uid\": 101626658.0}','1979-09-04 10:49:12'),(141,62,69265,'{\"uid\": 104455292.0}','2001-07-22 06:50:52'),(142,61,58966,'{\"uid\": 107396486.0}','2003-04-25 22:36:44'),(143,11,86327,'{\"uid\": 103616554.0}','2000-10-18 15:59:02'),(144,85,26169,'{\"uid\": 105893316.0}','2007-01-06 13:29:38'),(145,41,93087,'{\"uid\": 108616915.0}','2011-01-24 23:04:28'),(146,15,9242,'{\"uid\": 105404632.0}','1985-07-08 21:19:23'),(147,60,62865,'{\"uid\": 101172412.0}','1976-05-29 17:14:14'),(148,89,5772,'{\"uid\": 109648167.0}','1970-12-31 13:16:38'),(149,17,7617,'{\"uid\": 104723599.0}','1989-06-02 03:16:58'),(150,44,80351,'{\"uid\": 104673495.0}','2013-10-09 22:39:12'),(151,98,69088,'{\"uid\": 109196678.0}','2019-08-01 12:53:57'),(152,28,59417,'{\"uid\": 101962908.0}','1997-03-25 17:18:56'),(153,93,24609,'{\"uid\": 102224506.0}','2017-09-08 12:08:59'),(154,2,59322,'{\"uid\": 105233806.0}','1979-11-09 00:51:32'),(155,82,19357,'{\"uid\": 109495512.0}','2005-06-30 14:13:11'),(156,73,74867,'{\"uid\": 101776143.0}','1972-06-02 06:43:51'),(157,81,65905,'{\"uid\": 100394180.0}','1973-08-27 10:44:17'),(158,99,40819,'{\"uid\": 106642472.0}','1995-12-31 09:06:20'),(159,3,54210,'{\"uid\": 102029823.0}','1992-05-25 04:13:44'),(160,10,29150,'{\"uid\": 100221697.0}','2003-07-31 06:33:15'),(161,77,59176,'{\"uid\": 105019017.0}','2017-11-26 12:07:47'),(162,3,63747,'{\"uid\": 104429996.0}','1978-10-05 14:10:46'),(163,51,19807,'{\"uid\": 107092930.0}','2001-08-14 23:48:11'),(164,90,62269,'{\"uid\": 102174664.0}','2008-05-16 01:35:46'),(165,16,32800,'{\"uid\": 109594530.0}','2002-04-18 05:40:21'),(166,82,55271,'{\"uid\": 101448658.0}','1980-11-12 08:39:33'),(167,36,46980,'{\"uid\": 108459703.0}','1985-10-03 21:14:42'),(168,17,33330,'{\"uid\": 107952539.0}','1987-12-29 03:11:43'),(169,94,39981,'{\"uid\": 104383586.0}','1985-09-27 16:12:18'),(170,35,64716,'{\"uid\": 108060317.0}','2004-09-05 02:12:40'),(171,90,43733,'{\"uid\": 107150827.0}','2012-03-23 23:59:26'),(172,68,29166,'{\"uid\": 101573186.0}','1978-01-03 02:11:42'),(173,29,44440,'{\"uid\": 106413449.0}','2006-02-20 12:10:14'),(174,91,55995,'{\"uid\": 107347689.0}','1987-03-09 05:46:06'),(175,64,84880,'{\"uid\": 107498100.0}','2006-10-15 21:06:45'),(176,24,84191,'{\"uid\": 105447430.0}','2017-09-16 12:29:10'),(177,54,13256,'{\"uid\": 104742854.0}','1992-01-28 18:47:10'),(178,15,15502,'{\"uid\": 107371978.0}','2013-10-16 12:09:42'),(179,5,28988,'{\"uid\": 102631332.0}','1978-07-31 13:30:34'),(180,53,62983,'{\"uid\": 101040726.0}','1981-01-09 14:14:46'),(181,9,11270,'{\"uid\": 107309632.0}','1991-10-15 07:47:11'),(182,36,67680,'{\"uid\": 103425986.0}','1983-11-20 08:35:22'),(183,95,1408,'{\"uid\": 105201032.0}','1983-04-27 17:08:36'),(184,24,40817,'{\"uid\": 105727205.0}','1974-04-12 10:04:29'),(185,10,64050,'{\"uid\": 103032930.0}','2016-03-09 09:00:14'),(186,3,83681,'{\"uid\": 107983034.0}','2006-11-17 06:16:34'),(187,57,87775,'{\"uid\": 100816383.0}','2000-05-03 09:15:38'),(188,89,24880,'{\"uid\": 100132813.0}','1998-10-31 10:49:49'),(189,54,20056,'{\"uid\": 108214915.0}','2013-11-19 11:45:25'),(190,86,61736,'{\"uid\": 100676138.0}','2003-10-31 10:09:20'),(191,3,45049,'{\"uid\": 108735945.0}','1983-04-01 13:31:44'),(192,6,22548,'{\"uid\": 101651312.0}','1974-03-28 19:32:43'),(193,23,9612,'{\"uid\": 102048725.0}','2009-04-08 06:26:39'),(194,52,20483,'{\"uid\": 105289691.0}','1993-02-02 05:02:51'),(195,32,71009,'{\"uid\": 100302281.0}','1972-06-05 23:44:53'),(196,77,58337,'{\"uid\": 105642332.0}','1978-04-01 12:20:03'),(197,76,55539,'{\"uid\": 107304819.0}','1988-12-15 05:11:20'),(198,62,6888,'{\"uid\": 109597097.0}','2019-11-05 06:06:40'),(199,44,2776,'{\"uid\": 106071031.0}','1996-05-14 02:21:57'),(200,63,37872,'{\"uid\": 101563866.0}','1997-03-13 09:27:26');
/*!40000 ALTER TABLE `fines` ENABLE KEYS */;
UNLOCK TABLES;
/*!50003 SET @saved_cs_client      = @@character_set_client */ ;
/*!50003 SET @saved_cs_results     = @@character_set_results */ ;
/*!50003 SET @saved_col_connection = @@collation_connection */ ;
/*!50003 SET character_set_client  = utf8mb4 */ ;
/*!50003 SET character_set_results = utf8mb4 */ ;
/*!50003 SET collation_connection  = utf8mb4_0900_ai_ci */ ;
/*!50003 SET @saved_sql_mode       = @@sql_mode */ ;
/*!50003 SET sql_mode              = 'ONLY_FULL_GROUP_BY,STRICT_TRANS_TABLES,NO_ZERO_IN_DATE,NO_ZERO_DATE,ERROR_FOR_DIVISION_BY_ZERO,NO_ENGINE_SUBSTITUTION' */ ;
DELIMITER ;;
/*!50003 CREATE*/ /*!50017 DEFINER=`root`@`%`*/ /*!50003 TRIGGER `fines_AFTER_INSERT` AFTER INSERT ON `fines` FOR EACH ROW BEGIN
	insert into logs values('fine', default, new.id, 'added');
END */;;
DELIMITER ;
/*!50003 SET sql_mode              = @saved_sql_mode */ ;
/*!50003 SET character_set_client  = @saved_cs_client */ ;
/*!50003 SET character_set_results = @saved_cs_results */ ;
/*!50003 SET collation_connection  = @saved_col_connection */ ;

--
-- Table structure for table `government_agencies`
--

DROP TABLE IF EXISTS `government_agencies`;
/*!40101 SET @saved_cs_client     = @@character_set_client */;
 SET character_set_client = utf8mb4 ;
CREATE TABLE `government_agencies` (
  `id` int(10) unsigned NOT NULL AUTO_INCREMENT,
  `name` varchar(45) NOT NULL,
  PRIMARY KEY (`id`),
  UNIQUE KEY `id_UNIQUE` (`id`)
) ENGINE=InnoDB AUTO_INCREMENT=13 DEFAULT CHARSET=utf8;
/*!40101 SET character_set_client = @saved_cs_client */;

--
-- Dumping data for table `government_agencies`
--

LOCK TABLES `government_agencies` WRITE;
/*!40000 ALTER TABLE `government_agencies` DISABLE KEYS */;
INSERT INTO `government_agencies` VALUES (1,'ФНС России'),(2,'МЧС России'),(3,'МВД России'),(4,'Минздрав России'),(5,'ФСС РФ'),(6,'Росреестр'),(7,'ГУВМ'),(8,'ФДА'),(9,'Роспотребнадзор'),(10,'ПФР'),(11,'ФССП России'),(12,'Роскомнадзор');
/*!40000 ALTER TABLE `government_agencies` ENABLE KEYS */;
UNLOCK TABLES;

--
-- Table structure for table `life_situation_categories`
--

DROP TABLE IF EXISTS `life_situation_categories`;
/*!40101 SET @saved_cs_client     = @@character_set_client */;
 SET character_set_client = utf8mb4 ;
CREATE TABLE `life_situation_categories` (
  `id` int(10) unsigned NOT NULL AUTO_INCREMENT,
  `name` varchar(45) NOT NULL,
  PRIMARY KEY (`id`),
  UNIQUE KEY `id_UNIQUE` (`id`)
) ENGINE=InnoDB AUTO_INCREMENT=11 DEFAULT CHARSET=utf8;
/*!40101 SET character_set_client = @saved_cs_client */;

--
-- Dumping data for table `life_situation_categories`
--

LOCK TABLES `life_situation_categories` WRITE;
/*!40000 ALTER TABLE `life_situation_categories` DISABLE KEYS */;
INSERT INTO `life_situation_categories` VALUES (1,'Документы'),(2,'Недвижимость'),(3,'Работа'),(4,'Образование'),(5,'Правопорядок'),(6,'Автомобиль'),(7,'Путешествие'),(8,'Пенсия'),(9,'Семья'),(10,'Инвалидность');
/*!40000 ALTER TABLE `life_situation_categories` ENABLE KEYS */;
UNLOCK TABLES;

--
-- Table structure for table `life_situations`
--

DROP TABLE IF EXISTS `life_situations`;
/*!40101 SET @saved_cs_client     = @@character_set_client */;
 SET character_set_client = utf8mb4 ;
CREATE TABLE `life_situations` (
  `id` int(10) unsigned NOT NULL AUTO_INCREMENT,
  `name` varchar(45) NOT NULL,
  `life_situation_category_id` int(10) unsigned NOT NULL,
  PRIMARY KEY (`id`),
  UNIQUE KEY `id_UNIQUE` (`id`),
  KEY `FK_SITUATION_CAT_idx` (`life_situation_category_id`),
  CONSTRAINT `FK_SITUATION_CAT` FOREIGN KEY (`life_situation_category_id`) REFERENCES `life_situation_categories` (`id`)
) ENGINE=InnoDB AUTO_INCREMENT=31 DEFAULT CHARSET=utf8;
/*!40101 SET character_set_client = @saved_cs_client */;

--
-- Dumping data for table `life_situations`
--

LOCK TABLES `life_situations` WRITE;
/*!40000 ALTER TABLE `life_situations` DISABLE KEYS */;
INSERT INTO `life_situations` VALUES (1,'enim',10),(2,'dolor',4),(3,'nemo',9),(4,'ut',1),(5,'deleniti',9),(6,'adipisci',1),(7,'rem',9),(8,'est',7),(9,'reiciendis',1),(10,'fugit',8),(11,'quisquam',10),(12,'voluptatem',6),(13,'aut',7),(14,'delectus',1),(15,'reprehenderit',10),(16,'accusantium',9),(17,'eum',3),(18,'eos',8),(19,'iure',6),(20,'qui',7),(21,'dicta',3),(22,'in',9),(23,'tempora',4),(24,'culpa',2),(25,'recusandae',6),(26,'vitae',8),(27,'aspernatur',10),(28,'et',1),(29,'ab',1),(30,'sit',9);
/*!40000 ALTER TABLE `life_situations` ENABLE KEYS */;
UNLOCK TABLES;

--
-- Table structure for table `logs`
--

DROP TABLE IF EXISTS `logs`;
/*!40101 SET @saved_cs_client     = @@character_set_client */;
 SET character_set_client = utf8mb4 ;
CREATE TABLE `logs` (
  `table` varchar(100) NOT NULL,
  `datetime` datetime NOT NULL DEFAULT CURRENT_TIMESTAMP,
  `object_id` int(11) NOT NULL,
  `description` varchar(255) NOT NULL
) ENGINE=InnoDB DEFAULT CHARSET=utf8;
/*!40101 SET character_set_client = @saved_cs_client */;

--
-- Dumping data for table `logs`
--

LOCK TABLES `logs` WRITE;
/*!40000 ALTER TABLE `logs` DISABLE KEYS */;
/*!40000 ALTER TABLE `logs` ENABLE KEYS */;
UNLOCK TABLES;

--
-- Table structure for table `payed_object_types`
--

DROP TABLE IF EXISTS `payed_object_types`;
/*!40101 SET @saved_cs_client     = @@character_set_client */;
 SET character_set_client = utf8mb4 ;
CREATE TABLE `payed_object_types` (
  `id` int(10) unsigned NOT NULL AUTO_INCREMENT,
  `name` varchar(45) NOT NULL,
  PRIMARY KEY (`id`),
  UNIQUE KEY `id_UNIQUE` (`id`)
) ENGINE=InnoDB AUTO_INCREMENT=4 DEFAULT CHARSET=utf8;
/*!40101 SET character_set_client = @saved_cs_client */;

--
-- Dumping data for table `payed_object_types`
--

LOCK TABLES `payed_object_types` WRITE;
/*!40000 ALTER TABLE `payed_object_types` DISABLE KEYS */;
INSERT INTO `payed_object_types` VALUES (1,'service'),(2,'tax'),(3,'fine');
/*!40000 ALTER TABLE `payed_object_types` ENABLE KEYS */;
UNLOCK TABLES;

--
-- Table structure for table `payments`
--

DROP TABLE IF EXISTS `payments`;
/*!40101 SET @saved_cs_client     = @@character_set_client */;
 SET character_set_client = utf8mb4 ;
CREATE TABLE `payments` (
  `id` int(10) unsigned NOT NULL AUTO_INCREMENT,
  `datetime` datetime NOT NULL DEFAULT CURRENT_TIMESTAMP,
  `object_id` int(11) unsigned NOT NULL,
  `payed_object_type_id` int(11) unsigned NOT NULL,
  `payment_information` longtext CHARACTER SET utf8mb4 COLLATE utf8mb4_bin NOT NULL,
  `user_id` int(10) unsigned NOT NULL,
  PRIMARY KEY (`id`),
  UNIQUE KEY `id_UNIQUE` (`id`),
  KEY `FK_PAYED_OBJ_TYPE_idx` (`payed_object_type_id`),
  KEY `FK_PAYMENTS_USER_ID` (`user_id`),
  CONSTRAINT `FK_PAYED_OBJ_TYPE` FOREIGN KEY (`payed_object_type_id`) REFERENCES `payed_object_types` (`id`),
  CONSTRAINT `FK_PAYMENTS_USER_ID` FOREIGN KEY (`user_id`) REFERENCES `users` (`id`)
) ENGINE=InnoDB AUTO_INCREMENT=201 DEFAULT CHARSET=utf8;
/*!40101 SET character_set_client = @saved_cs_client */;

--
-- Dumping data for table `payments`
--

LOCK TABLES `payments` WRITE;
/*!40000 ALTER TABLE `payments` DISABLE KEYS */;
INSERT INTO `payments` VALUES (1,'2005-11-20 21:32:19',62,2,'{\"uid\": 107510196.0, \"bank\": \"WTB\"}',84),(2,'2006-05-14 00:27:06',93,1,'{\"uid\": 105472831.0, \"bank\": \"WTB\"}',69),(3,'1982-11-22 23:27:58',28,3,'{\"uid\": 106392033.0, \"bank\": \"Sberbank\"}',94),(4,'1994-01-22 09:40:38',37,3,'{\"uid\": 102193157.0, \"bank\": \"WTB\"}',85),(5,'2006-05-26 02:03:35',98,3,'{\"uid\": 104141687.0, \"bank\": \"Alfa\"}',86),(6,'2009-04-26 18:04:29',85,3,'{\"uid\": 108953642.0, \"bank\": \"Alfa\"}',42),(7,'1993-08-24 12:53:13',61,3,'{\"uid\": 102844031.0, \"bank\": \"WTB\"}',52),(8,'1997-03-24 15:15:53',46,1,'{\"uid\": 103453809.0, \"bank\": \"WTB\"}',96),(9,'1989-06-30 09:41:17',62,2,'{\"uid\": 100026096.0, \"bank\": \"Alfa\"}',44),(10,'1989-03-29 03:47:04',81,1,'{\"uid\": 109411545.0, \"bank\": \"WTB\"}',45),(11,'1975-12-20 07:52:41',83,1,'{\"uid\": 108584498.0, \"bank\": \"Sberbank\"}',76),(12,'2011-07-10 11:10:29',44,2,'{\"uid\": 108401573.0, \"bank\": \"WTB\"}',41),(13,'1971-05-17 21:27:23',45,3,'{\"uid\": 102369415.0, \"bank\": \"Sberbank\"}',65),(14,'1973-03-25 17:44:02',66,1,'{\"uid\": 109404729.0, \"bank\": \"Sberbank\"}',82),(15,'2016-06-18 16:06:20',60,3,'{\"uid\": 107365124.0, \"bank\": \"Alfa\"}',80),(16,'2001-02-14 01:04:17',47,2,'{\"uid\": 105294804.0, \"bank\": \"WTB\"}',70),(17,'1980-08-25 21:12:36',70,2,'{\"uid\": 104315169.0, \"bank\": \"Alfa\"}',53),(18,'1987-09-03 04:45:30',10,2,'{\"uid\": 104334983.0, \"bank\": \"Sberbank\"}',57),(19,'1971-06-20 18:23:23',82,3,'{\"uid\": 103528167.0, \"bank\": \"Alfa\"}',63),(20,'1978-09-02 17:53:11',67,2,'{\"uid\": 108020336.0, \"bank\": \"Alfa\"}',95),(21,'1989-04-07 09:54:10',98,2,'{\"uid\": 100632879.0, \"bank\": \"Sberbank\"}',70),(22,'2008-05-26 22:53:56',14,2,'{\"uid\": 109841679.0, \"bank\": \"Sberbank\"}',28),(23,'2016-03-06 23:01:11',60,3,'{\"uid\": 101295995.0, \"bank\": \"Alfa\"}',78),(24,'1999-08-25 10:50:01',23,2,'{\"uid\": 106048806.0, \"bank\": \"Sberbank\"}',43),(25,'2003-02-13 03:18:41',2,2,'{\"uid\": 103263371.0, \"bank\": \"WTB\"}',55),(26,'1972-05-08 21:48:05',65,3,'{\"uid\": 107564794.0, \"bank\": \"Sberbank\"}',15),(27,'1972-10-23 10:39:33',45,3,'{\"uid\": 104360754.0, \"bank\": \"Alfa\"}',42),(28,'1974-10-15 12:18:11',28,3,'{\"uid\": 104771187.0, \"bank\": \"Sberbank\"}',75),(29,'1978-10-13 13:23:09',81,2,'{\"uid\": 101405782.0, \"bank\": \"WTB\"}',81),(30,'2019-03-14 05:45:01',83,1,'{\"uid\": 103769187.0, \"bank\": \"Alfa\"}',52),(31,'1976-12-10 16:06:35',84,1,'{\"uid\": 108962520.0, \"bank\": \"Sberbank\"}',95),(32,'1990-04-30 17:08:06',64,3,'{\"uid\": 106365212.0, \"bank\": \"Alfa\"}',59),(33,'1976-09-07 19:39:55',45,3,'{\"uid\": 100276346.0, \"bank\": \"Sberbank\"}',97),(34,'2019-03-16 18:01:17',67,2,'{\"uid\": 107963677.0, \"bank\": \"WTB\"}',87),(35,'1990-06-27 06:42:35',56,2,'{\"uid\": 108822750.0, \"bank\": \"Sberbank\"}',92),(36,'2018-07-16 19:58:39',31,3,'{\"uid\": 105959171.0, \"bank\": \"Alfa\"}',24),(37,'2016-02-24 17:18:21',76,2,'{\"uid\": 103819499.0, \"bank\": \"WTB\"}',69),(38,'2012-06-22 13:35:10',72,3,'{\"uid\": 108937952.0, \"bank\": \"Sberbank\"}',48),(39,'2005-11-02 12:12:56',94,2,'{\"uid\": 105445596.0, \"bank\": \"Alfa\"}',45),(40,'1988-10-26 11:00:08',49,2,'{\"uid\": 103024775.0, \"bank\": \"WTB\"}',4),(41,'1977-11-22 00:52:04',7,2,'{\"uid\": 108460364.0, \"bank\": \"WTB\"}',15),(42,'1996-04-14 13:12:01',50,2,'{\"uid\": 103523942.0, \"bank\": \"Sberbank\"}',50),(43,'1990-10-28 03:12:56',19,1,'{\"uid\": 100811631.0, \"bank\": \"Sberbank\"}',5),(44,'1983-10-03 06:43:51',70,1,'{\"uid\": 103705522.0, \"bank\": \"Alfa\"}',77),(45,'1978-05-27 04:29:55',77,2,'{\"uid\": 103100241.0, \"bank\": \"Alfa\"}',4),(46,'2000-11-25 18:39:31',64,3,'{\"uid\": 105554885.0, \"bank\": \"Sberbank\"}',85),(47,'2007-04-13 00:13:22',79,1,'{\"uid\": 107640664.0, \"bank\": \"WTB\"}',24),(48,'2014-07-17 11:43:09',9,1,'{\"uid\": 105178657.0, \"bank\": \"Alfa\"}',74),(49,'2000-06-28 16:30:05',45,1,'{\"uid\": 109628510.0, \"bank\": \"Sberbank\"}',37),(50,'2019-01-31 18:29:55',63,2,'{\"uid\": 106333791.0, \"bank\": \"Alfa\"}',15),(51,'2012-10-26 08:16:54',48,3,'{\"uid\": 103685436.0, \"bank\": \"Sberbank\"}',36),(52,'1980-01-19 11:06:07',14,2,'{\"uid\": 103019171.0, \"bank\": \"WTB\"}',9),(53,'1973-06-09 01:34:47',1,1,'{\"uid\": 104195333.0, \"bank\": \"Sberbank\"}',77),(54,'2012-07-25 01:59:49',76,3,'{\"uid\": 102538792.0, \"bank\": \"Alfa\"}',88),(55,'2000-07-07 06:10:17',13,3,'{\"uid\": 100479066.0, \"bank\": \"WTB\"}',28),(56,'1974-03-29 23:41:55',51,3,'{\"uid\": 106253124.0, \"bank\": \"Sberbank\"}',33),(57,'1994-01-18 07:24:41',59,3,'{\"uid\": 104497772.0, \"bank\": \"Sberbank\"}',33),(58,'1974-02-14 14:17:34',97,3,'{\"uid\": 109179558.0, \"bank\": \"WTB\"}',76),(59,'2009-06-28 14:28:09',96,1,'{\"uid\": 103931653.0, \"bank\": \"Alfa\"}',76),(60,'1973-09-11 05:15:26',30,2,'{\"uid\": 102085394.0, \"bank\": \"Sberbank\"}',75),(61,'2009-07-30 17:34:01',39,2,'{\"uid\": 104237623.0, \"bank\": \"Sberbank\"}',92),(62,'1978-07-30 04:34:42',41,3,'{\"uid\": 101746290.0, \"bank\": \"WTB\"}',21),(63,'2002-10-22 18:23:10',33,3,'{\"uid\": 105040908.0, \"bank\": \"Alfa\"}',66),(64,'2016-09-10 03:37:26',58,2,'{\"uid\": 100060647.0, \"bank\": \"Alfa\"}',1),(65,'2000-11-17 10:39:48',78,1,'{\"uid\": 105784127.0, \"bank\": \"Sberbank\"}',9),(66,'1989-04-04 22:44:35',61,3,'{\"uid\": 109352605.0, \"bank\": \"Sberbank\"}',45),(67,'2019-03-07 16:42:07',3,2,'{\"uid\": 105642355.0, \"bank\": \"Alfa\"}',45),(68,'2007-09-02 00:38:52',93,3,'{\"uid\": 103031304.0, \"bank\": \"WTB\"}',55),(69,'2011-08-25 17:25:47',23,3,'{\"uid\": 106813596.0, \"bank\": \"Alfa\"}',50),(70,'2019-09-02 02:42:54',40,1,'{\"uid\": 102176584.0, \"bank\": \"WTB\"}',15),(71,'1989-01-20 01:08:48',9,3,'{\"uid\": 100032734.0, \"bank\": \"WTB\"}',90),(72,'1999-09-09 01:26:06',92,2,'{\"uid\": 101032710.0, \"bank\": \"Sberbank\"}',11),(73,'2007-09-21 10:44:18',73,1,'{\"uid\": 109326879.0, \"bank\": \"Alfa\"}',72),(74,'1994-07-26 20:21:48',93,1,'{\"uid\": 107916321.0, \"bank\": \"Sberbank\"}',80),(75,'2010-09-02 10:13:08',75,1,'{\"uid\": 106468195.0, \"bank\": \"WTB\"}',36),(76,'1991-04-08 22:42:35',15,1,'{\"uid\": 101648828.0, \"bank\": \"Alfa\"}',69),(77,'1974-04-01 12:02:32',14,2,'{\"uid\": 103113980.0, \"bank\": \"Alfa\"}',40),(78,'1998-10-15 09:13:25',87,3,'{\"uid\": 104326175.0, \"bank\": \"Sberbank\"}',15),(79,'1974-04-03 20:39:26',45,2,'{\"uid\": 104171519.0, \"bank\": \"WTB\"}',8),(80,'1983-02-02 03:07:03',59,1,'{\"uid\": 100323284.0, \"bank\": \"Sberbank\"}',93),(81,'1973-06-06 07:49:44',98,2,'{\"uid\": 108598727.0, \"bank\": \"Alfa\"}',87),(82,'2007-06-10 01:10:13',36,1,'{\"uid\": 100466263.0, \"bank\": \"Sberbank\"}',80),(83,'1978-09-14 07:09:47',12,2,'{\"uid\": 101470472.0, \"bank\": \"WTB\"}',55),(84,'2003-03-10 09:14:26',91,2,'{\"uid\": 103742613.0, \"bank\": \"Sberbank\"}',38),(85,'1977-11-04 04:27:25',11,2,'{\"uid\": 107875400.0, \"bank\": \"WTB\"}',18),(86,'1990-02-17 12:42:53',90,3,'{\"uid\": 105949087.0, \"bank\": \"Alfa\"}',81),(87,'2008-10-06 09:36:58',31,3,'{\"uid\": 102154058.0, \"bank\": \"Alfa\"}',87),(88,'1972-10-01 16:45:40',67,3,'{\"uid\": 107385333.0, \"bank\": \"WTB\"}',56),(89,'1989-04-15 04:03:02',31,2,'{\"uid\": 100934807.0, \"bank\": \"WTB\"}',73),(90,'1998-07-07 11:08:02',95,1,'{\"uid\": 101293348.0, \"bank\": \"Sberbank\"}',13),(91,'2012-01-25 14:15:48',37,2,'{\"uid\": 106160349.0, \"bank\": \"WTB\"}',92),(92,'1983-04-20 14:36:59',41,2,'{\"uid\": 105406504.0, \"bank\": \"Sberbank\"}',34),(93,'1981-03-12 21:36:40',75,3,'{\"uid\": 107280438.0, \"bank\": \"Alfa\"}',95),(94,'1995-05-25 18:41:40',9,3,'{\"uid\": 109669797.0, \"bank\": \"WTB\"}',64),(95,'1985-06-26 23:57:08',19,3,'{\"uid\": 108202207.0, \"bank\": \"Sberbank\"}',80),(96,'1988-03-09 13:05:39',30,1,'{\"uid\": 108813760.0, \"bank\": \"Sberbank\"}',40),(97,'1974-02-13 09:52:24',76,2,'{\"uid\": 103641581.0, \"bank\": \"Sberbank\"}',40),(98,'1990-07-15 08:38:13',15,3,'{\"uid\": 109866204.0, \"bank\": \"Sberbank\"}',18),(99,'2001-01-15 08:53:16',36,3,'{\"uid\": 104683654.0, \"bank\": \"WTB\"}',29),(100,'1995-02-13 08:50:19',35,1,'{\"uid\": 100193605.0, \"bank\": \"WTB\"}',4),(101,'1988-05-05 12:03:37',31,2,'{\"uid\": 101525615.0, \"bank\": \"Alfa\"}',43),(102,'1998-08-08 23:07:27',16,1,'{\"uid\": 107244248.0, \"bank\": \"Sberbank\"}',53),(103,'1980-05-07 18:51:34',90,1,'{\"uid\": 103910180.0, \"bank\": \"WTB\"}',10),(104,'1998-12-25 17:04:41',70,3,'{\"uid\": 109095198.0, \"bank\": \"Alfa\"}',15),(105,'2005-09-21 00:23:06',77,1,'{\"uid\": 107617140.0, \"bank\": \"Alfa\"}',19),(106,'2016-02-05 23:02:28',53,1,'{\"uid\": 102868883.0, \"bank\": \"Sberbank\"}',48),(107,'2017-08-24 11:28:02',81,2,'{\"uid\": 105954531.0, \"bank\": \"Sberbank\"}',91),(108,'1978-05-31 01:11:03',61,1,'{\"uid\": 107316152.0, \"bank\": \"WTB\"}',51),(109,'1993-10-11 12:38:53',75,3,'{\"uid\": 105416115.0, \"bank\": \"WTB\"}',1),(110,'2012-04-20 13:13:36',90,2,'{\"uid\": 107060825.0, \"bank\": \"WTB\"}',94),(111,'2002-12-25 04:27:19',37,1,'{\"uid\": 105410654.0, \"bank\": \"Sberbank\"}',35),(112,'1992-01-19 08:55:24',97,1,'{\"uid\": 109254996.0, \"bank\": \"Sberbank\"}',44),(113,'1988-03-16 08:27:25',67,2,'{\"uid\": 107149046.0, \"bank\": \"Alfa\"}',89),(114,'2012-10-27 14:04:12',65,3,'{\"uid\": 102536919.0, \"bank\": \"Sberbank\"}',93),(115,'2005-04-23 02:36:54',81,2,'{\"uid\": 103860050.0, \"bank\": \"Sberbank\"}',23),(116,'2013-01-20 22:30:24',30,2,'{\"uid\": 100508688.0, \"bank\": \"WTB\"}',54),(117,'2001-08-29 20:29:17',46,2,'{\"uid\": 104924623.0, \"bank\": \"Alfa\"}',22),(118,'1997-04-27 15:19:49',16,1,'{\"uid\": 108989648.0, \"bank\": \"Alfa\"}',30),(119,'1972-07-08 09:14:01',75,2,'{\"uid\": 106481708.0, \"bank\": \"WTB\"}',15),(120,'2006-03-13 08:38:32',96,3,'{\"uid\": 102245624.0, \"bank\": \"Sberbank\"}',43),(121,'2004-11-03 21:40:26',77,3,'{\"uid\": 104331492.0, \"bank\": \"WTB\"}',85),(122,'1999-11-26 23:26:17',68,3,'{\"uid\": 102087732.0, \"bank\": \"WTB\"}',36),(123,'1994-09-09 09:10:45',47,2,'{\"uid\": 100683490.0, \"bank\": \"Alfa\"}',11),(124,'2016-10-01 13:24:30',59,2,'{\"uid\": 104196725.0, \"bank\": \"Alfa\"}',82),(125,'2007-04-09 00:52:51',57,3,'{\"uid\": 103586366.0, \"bank\": \"Sberbank\"}',65),(126,'1972-07-14 07:10:21',43,1,'{\"uid\": 100370439.0, \"bank\": \"Sberbank\"}',69),(127,'2017-07-11 16:08:41',92,1,'{\"uid\": 104761049.0, \"bank\": \"Sberbank\"}',55),(128,'2013-07-20 21:43:00',11,2,'{\"uid\": 107125998.0, \"bank\": \"WTB\"}',63),(129,'2008-08-01 00:40:05',22,2,'{\"uid\": 102544517.0, \"bank\": \"Alfa\"}',18),(130,'1979-09-28 21:22:06',13,1,'{\"uid\": 104211853.0, \"bank\": \"WTB\"}',3),(131,'1980-03-16 02:15:50',13,1,'{\"uid\": 107124556.0, \"bank\": \"Alfa\"}',21),(132,'1979-03-27 14:56:12',83,3,'{\"uid\": 107459906.0, \"bank\": \"WTB\"}',12),(133,'1978-08-09 12:20:45',27,2,'{\"uid\": 107617209.0, \"bank\": \"WTB\"}',58),(134,'2005-07-17 15:50:09',4,2,'{\"uid\": 107587826.0, \"bank\": \"Alfa\"}',5),(135,'2014-06-09 17:22:04',57,3,'{\"uid\": 105613813.0, \"bank\": \"Alfa\"}',96),(136,'1970-11-19 11:56:38',6,3,'{\"uid\": 108372032.0, \"bank\": \"WTB\"}',70),(137,'2001-11-05 16:22:31',44,3,'{\"uid\": 108544286.0, \"bank\": \"Alfa\"}',26),(138,'2017-05-20 14:43:33',85,1,'{\"uid\": 106993155.0, \"bank\": \"Alfa\"}',44),(139,'1987-05-16 20:39:46',86,1,'{\"uid\": 105971373.0, \"bank\": \"Sberbank\"}',16),(140,'2003-05-08 00:27:35',29,1,'{\"uid\": 100517704.0, \"bank\": \"Alfa\"}',84),(141,'2015-07-23 00:59:56',21,3,'{\"uid\": 106094025.0, \"bank\": \"Alfa\"}',37),(142,'2009-11-05 14:11:50',27,2,'{\"uid\": 101127141.0, \"bank\": \"Sberbank\"}',25),(143,'2018-02-08 23:29:34',82,1,'{\"uid\": 106569470.0, \"bank\": \"Alfa\"}',11),(144,'1975-02-14 19:37:36',27,1,'{\"uid\": 104675665.0, \"bank\": \"Sberbank\"}',86),(145,'1992-07-29 14:32:08',43,3,'{\"uid\": 109712415.0, \"bank\": \"Sberbank\"}',11),(146,'2013-03-21 12:22:38',100,2,'{\"uid\": 102454904.0, \"bank\": \"Sberbank\"}',27),(147,'1971-02-15 18:54:00',56,2,'{\"uid\": 109231444.0, \"bank\": \"Sberbank\"}',20),(148,'1978-09-02 23:58:42',34,2,'{\"uid\": 103303301.0, \"bank\": \"Alfa\"}',62),(149,'1991-09-18 09:06:34',95,1,'{\"uid\": 109679727.0, \"bank\": \"Alfa\"}',96),(150,'1978-12-21 20:15:23',55,3,'{\"uid\": 104185106.0, \"bank\": \"WTB\"}',68),(151,'1985-01-11 18:08:15',27,1,'{\"uid\": 102399491.0, \"bank\": \"Alfa\"}',36),(152,'1998-12-11 14:13:15',1,3,'{\"uid\": 107924378.0, \"bank\": \"Alfa\"}',59),(153,'1995-06-14 16:07:37',90,1,'{\"uid\": 108967778.0, \"bank\": \"Alfa\"}',37),(154,'2006-11-23 09:54:37',95,3,'{\"uid\": 109068380.0, \"bank\": \"Alfa\"}',40),(155,'1995-03-27 14:08:16',13,2,'{\"uid\": 101589234.0, \"bank\": \"WTB\"}',66),(156,'1975-01-06 18:34:24',86,2,'{\"uid\": 108580025.0, \"bank\": \"Alfa\"}',20),(157,'1974-01-06 00:07:19',9,3,'{\"uid\": 108717373.0, \"bank\": \"Alfa\"}',58),(158,'1982-02-17 14:47:59',60,3,'{\"uid\": 108409873.0, \"bank\": \"Sberbank\"}',65),(159,'1981-11-21 01:22:21',65,1,'{\"uid\": 101331246.0, \"bank\": \"Sberbank\"}',84),(160,'2008-06-01 02:11:33',92,1,'{\"uid\": 109604817.0, \"bank\": \"Alfa\"}',32),(161,'1974-11-29 21:54:32',24,2,'{\"uid\": 100510323.0, \"bank\": \"Sberbank\"}',85),(162,'2014-07-20 06:35:31',91,2,'{\"uid\": 103252794.0, \"bank\": \"Alfa\"}',53),(163,'2018-04-20 09:24:36',7,3,'{\"uid\": 107210179.0, \"bank\": \"WTB\"}',40),(164,'2016-03-05 03:21:16',16,1,'{\"uid\": 107718260.0, \"bank\": \"Alfa\"}',12),(165,'1991-09-13 23:39:09',15,2,'{\"uid\": 101755330.0, \"bank\": \"Alfa\"}',40),(166,'2000-07-18 00:57:05',12,2,'{\"uid\": 103886936.0, \"bank\": \"WTB\"}',13),(167,'2004-08-11 18:05:53',57,2,'{\"uid\": 108053815.0, \"bank\": \"Sberbank\"}',39),(168,'1996-02-14 00:57:32',5,2,'{\"uid\": 108040067.0, \"bank\": \"Sberbank\"}',95),(169,'1970-12-20 03:48:16',1,2,'{\"uid\": 100276944.0, \"bank\": \"Sberbank\"}',84),(170,'1987-07-04 04:45:33',43,3,'{\"uid\": 102901338.0, \"bank\": \"WTB\"}',52),(171,'1979-02-23 03:37:09',26,2,'{\"uid\": 102632933.0, \"bank\": \"WTB\"}',92),(172,'1980-10-15 05:34:29',2,1,'{\"uid\": 103913685.0, \"bank\": \"WTB\"}',53),(173,'2006-06-09 12:57:50',37,1,'{\"uid\": 100663629.0, \"bank\": \"WTB\"}',86),(174,'2011-12-15 04:27:45',82,3,'{\"uid\": 107385802.0, \"bank\": \"WTB\"}',86),(175,'1984-01-31 03:52:43',11,3,'{\"uid\": 104357578.0, \"bank\": \"WTB\"}',95),(176,'1992-06-17 01:34:53',47,3,'{\"uid\": 106321776.0, \"bank\": \"WTB\"}',34),(177,'2013-09-15 08:01:30',23,1,'{\"uid\": 100895545.0, \"bank\": \"Sberbank\"}',88),(178,'1988-05-23 07:50:45',54,3,'{\"uid\": 100119379.0, \"bank\": \"Sberbank\"}',48),(179,'1970-09-17 05:53:56',86,2,'{\"uid\": 104208306.0, \"bank\": \"Sberbank\"}',82),(180,'1994-08-28 13:50:45',25,2,'{\"uid\": 108883416.0, \"bank\": \"Alfa\"}',35),(181,'1991-11-12 06:45:18',41,1,'{\"uid\": 100910158.0, \"bank\": \"Sberbank\"}',91),(182,'2011-05-28 14:59:41',58,3,'{\"uid\": 107342268.0, \"bank\": \"Sberbank\"}',53),(183,'2002-11-30 14:23:20',47,2,'{\"uid\": 101311671.0, \"bank\": \"WTB\"}',15),(184,'2014-08-24 19:04:00',97,1,'{\"uid\": 108841351.0, \"bank\": \"Sberbank\"}',1),(185,'2015-03-03 21:33:45',49,2,'{\"uid\": 106180639.0, \"bank\": \"Alfa\"}',58),(186,'1985-11-03 15:20:43',56,2,'{\"uid\": 107859993.0, \"bank\": \"Sberbank\"}',81),(187,'2012-05-19 12:25:36',83,3,'{\"uid\": 103714112.0, \"bank\": \"WTB\"}',8),(188,'1975-03-30 13:20:33',28,2,'{\"uid\": 109828210.0, \"bank\": \"WTB\"}',69),(189,'2003-09-04 13:46:06',25,2,'{\"uid\": 103308980.0, \"bank\": \"Alfa\"}',8),(190,'1984-10-30 05:10:16',71,2,'{\"uid\": 104416738.0, \"bank\": \"Sberbank\"}',99),(191,'1994-07-21 15:35:44',19,3,'{\"uid\": 104137210.0, \"bank\": \"WTB\"}',8),(192,'1986-10-07 15:07:50',86,1,'{\"uid\": 108856360.0, \"bank\": \"WTB\"}',18),(193,'2017-06-22 18:03:52',59,3,'{\"uid\": 101035954.0, \"bank\": \"Alfa\"}',85),(194,'1995-01-30 16:55:51',35,3,'{\"uid\": 109975897.0, \"bank\": \"WTB\"}',73),(195,'2018-01-26 13:18:07',17,1,'{\"uid\": 100218465.0, \"bank\": \"Alfa\"}',53),(196,'2013-04-21 19:20:37',8,3,'{\"uid\": 104367777.0, \"bank\": \"WTB\"}',88),(197,'2015-07-12 18:54:30',6,1,'{\"uid\": 101021585.0, \"bank\": \"Sberbank\"}',48),(198,'1982-02-17 14:20:39',8,2,'{\"uid\": 100100124.0, \"bank\": \"Alfa\"}',3),(199,'2006-07-10 17:03:50',39,3,'{\"uid\": 102708104.0, \"bank\": \"Alfa\"}',69),(200,'2006-04-28 22:42:03',76,1,'{\"uid\": 100552874.0, \"bank\": \"Alfa\"}',79);
/*!40000 ALTER TABLE `payments` ENABLE KEYS */;
UNLOCK TABLES;
/*!50003 SET @saved_cs_client      = @@character_set_client */ ;
/*!50003 SET @saved_cs_results     = @@character_set_results */ ;
/*!50003 SET @saved_col_connection = @@collation_connection */ ;
/*!50003 SET character_set_client  = utf8mb4 */ ;
/*!50003 SET character_set_results = utf8mb4 */ ;
/*!50003 SET collation_connection  = utf8mb4_0900_ai_ci */ ;
/*!50003 SET @saved_sql_mode       = @@sql_mode */ ;
/*!50003 SET sql_mode              = 'ONLY_FULL_GROUP_BY,STRICT_TRANS_TABLES,NO_ZERO_IN_DATE,NO_ZERO_DATE,ERROR_FOR_DIVISION_BY_ZERO,NO_ENGINE_SUBSTITUTION' */ ;
DELIMITER ;;
/*!50003 CREATE*/ /*!50017 DEFINER=`root`@`%`*/ /*!50003 TRIGGER `payments_AFTER_INSERT` AFTER INSERT ON `payments` FOR EACH ROW BEGIN
	insert into logs values('payment', default, new.id, 'added');
END */;;
DELIMITER ;
/*!50003 SET sql_mode              = @saved_sql_mode */ ;
/*!50003 SET character_set_client  = @saved_cs_client */ ;
/*!50003 SET character_set_results = @saved_cs_results */ ;
/*!50003 SET collation_connection  = @saved_col_connection */ ;

--
-- Table structure for table `service_categories`
--

DROP TABLE IF EXISTS `service_categories`;
/*!40101 SET @saved_cs_client     = @@character_set_client */;
 SET character_set_client = utf8mb4 ;
CREATE TABLE `service_categories` (
  `id` int(10) unsigned NOT NULL AUTO_INCREMENT,
  `name` varchar(45) NOT NULL,
  PRIMARY KEY (`id`),
  UNIQUE KEY `id_UNIQUE` (`id`)
) ENGINE=InnoDB AUTO_INCREMENT=21 DEFAULT CHARSET=utf8;
/*!40101 SET character_set_client = @saved_cs_client */;

--
-- Dumping data for table `service_categories`
--

LOCK TABLES `service_categories` WRITE;
/*!40000 ALTER TABLE `service_categories` DISABLE KEYS */;
INSERT INTO `service_categories` VALUES (1,'doloremque'),(2,'consectetur'),(3,'minus'),(4,'cumque'),(5,'illo'),(6,'similique'),(7,'eum'),(8,'repudiandae'),(9,'veniam'),(10,'dolores'),(11,'cupiditate'),(12,'rem'),(13,'esse'),(14,'qui'),(15,'quia'),(16,'deserunt'),(17,'iusto'),(18,'cum'),(19,'aut'),(20,'officia');
/*!40000 ALTER TABLE `service_categories` ENABLE KEYS */;
UNLOCK TABLES;

--
-- Table structure for table `services`
--

DROP TABLE IF EXISTS `services`;
/*!40101 SET @saved_cs_client     = @@character_set_client */;
 SET character_set_client = utf8mb4 ;
CREATE TABLE `services` (
  `id` int(10) unsigned NOT NULL AUTO_INCREMENT,
  `service_category_id` int(11) unsigned NOT NULL,
  `gov_agency_id` int(11) unsigned NOT NULL,
  `name` varchar(100) NOT NULL,
  `life_situation_id` int(11) unsigned NOT NULL,
  PRIMARY KEY (`id`),
  UNIQUE KEY `id_UNIQUE` (`id`),
  KEY `FK_SERVICE_CAT_idx` (`service_category_id`),
  KEY `FK_GOV_AGENCY_idx` (`gov_agency_id`),
  KEY `FK_LIFE_SITUATION_idx` (`life_situation_id`),
  CONSTRAINT `FK_GOV_AGENCY` FOREIGN KEY (`gov_agency_id`) REFERENCES `government_agencies` (`id`),
  CONSTRAINT `FK_LIFE_SITUATION` FOREIGN KEY (`life_situation_id`) REFERENCES `life_situations` (`id`),
  CONSTRAINT `FK_SERVICE_CAT` FOREIGN KEY (`service_category_id`) REFERENCES `service_categories` (`id`)
) ENGINE=InnoDB AUTO_INCREMENT=101 DEFAULT CHARSET=utf8;
/*!40101 SET character_set_client = @saved_cs_client */;

--
-- Dumping data for table `services`
--

LOCK TABLES `services` WRITE;
/*!40000 ALTER TABLE `services` DISABLE KEYS */;
INSERT INTO `services` VALUES (1,17,8,'omnis',22),(2,5,8,'fugit',25),(3,1,10,'consequatur',16),(4,10,11,'qui',4),(5,15,1,'consectetur',1),(6,12,12,'est',5),(7,20,12,'aperiam',12),(8,1,7,'velit',2),(9,15,3,'corporis',28),(10,16,12,'a',11),(11,15,9,'animi',27),(12,9,3,'explicabo',20),(13,20,6,'nulla',29),(14,15,3,'odio',4),(15,14,2,'quo',12),(16,17,4,'et',18),(17,2,1,'assumenda',8),(18,6,9,'natus',11),(19,9,12,'ipsum',29),(20,13,3,'deleniti',30),(21,7,1,'quam',22),(22,5,2,'aut',25),(23,13,4,'sed',29),(24,7,5,'dicta',8),(25,11,5,'non',23),(26,7,7,'beatae',6),(27,13,6,'ex',10),(28,3,2,'magni',5),(29,4,5,'nihil',19),(30,17,2,'eveniet',2),(31,19,8,'ratione',22),(32,14,7,'ut',20),(33,3,4,'quia',11),(34,19,5,'quis',19),(35,3,4,'quibusdam',20),(36,12,2,'in',19),(37,16,8,'repellendus',10),(38,3,3,'voluptatem',1),(39,13,3,'amet',26),(40,12,9,'nam',30),(41,17,3,'dolorum',25),(42,8,11,'pariatur',28),(43,3,7,'quas',29),(44,6,7,'nostrum',23),(45,16,11,'vitae',12),(46,20,3,'delectus',9),(47,18,1,'soluta',10),(48,14,9,'ducimus',27),(49,9,5,'veritatis',16),(50,19,12,'labore',2),(51,7,10,'perferendis',2),(52,12,7,'cum',10),(53,20,11,'veniam',15),(54,13,3,'tempore',11),(55,8,12,'provident',22),(56,20,1,'debitis',27),(57,6,1,'id',7),(58,16,8,'fuga',28),(59,9,10,'numquam',8),(60,11,1,'accusamus',26),(61,10,5,'autem',27),(62,15,10,'quidem',19),(63,13,10,'nobis',16),(64,3,6,'dolore',30),(65,4,2,'voluptas',21),(66,16,8,'esse',1),(67,10,6,'sint',2),(68,8,12,'dolor',11),(69,18,9,'repellat',11),(70,18,4,'cupiditate',20),(71,19,1,'iure',22),(72,6,1,'maiores',14),(73,19,6,'vero',21),(74,4,12,'minus',20),(75,13,12,'architecto',24),(76,8,3,'corrupti',18),(77,20,4,'odit',18),(78,13,8,'mollitia',10),(79,9,11,'unde',22),(80,2,10,'maxime',27),(81,6,12,'suscipit',4),(82,11,6,'laborum',11),(83,10,11,'illo',5),(84,14,7,'aliquid',17),(85,12,6,'tenetur',4),(86,7,4,'perspiciatis',6),(87,13,3,'nemo',22),(88,9,3,'hic',18),(89,11,7,'sapiente',10),(90,14,4,'dolores',15),(91,1,12,'eum',23),(92,6,8,'magnam',15),(93,6,5,'sequi',9),(94,15,8,'quod',12),(95,10,7,'laudantium',30),(96,1,7,'laboriosam',18),(97,8,7,'culpa',30),(98,3,5,'atque',17),(99,3,10,'eligendi',27),(100,11,4,'dolorem',11);
/*!40000 ALTER TABLE `services` ENABLE KEYS */;
UNLOCK TABLES;

--
-- Temporary view structure for view `services_gov_agencie`
--

DROP TABLE IF EXISTS `services_gov_agencie`;
/*!50001 DROP VIEW IF EXISTS `services_gov_agencie`*/;
SET @saved_cs_client     = @@character_set_client;
SET character_set_client = utf8mb4;
/*!50001 CREATE VIEW `services_gov_agencie` AS SELECT 
 1 AS `gov_agencie`,
 1 AS `servise`*/;
SET character_set_client = @saved_cs_client;

--
-- Temporary view structure for view `services_life_sit`
--

DROP TABLE IF EXISTS `services_life_sit`;
/*!50001 DROP VIEW IF EXISTS `services_life_sit`*/;
SET @saved_cs_client     = @@character_set_client;
SET character_set_client = utf8mb4;
/*!50001 CREATE VIEW `services_life_sit` AS SELECT 
 1 AS `life_situation_category`,
 1 AS `life_situation`,
 1 AS `servise`*/;
SET character_set_client = @saved_cs_client;

--
-- Temporary view structure for view `services_service_categories`
--

DROP TABLE IF EXISTS `services_service_categories`;
/*!50001 DROP VIEW IF EXISTS `services_service_categories`*/;
SET @saved_cs_client     = @@character_set_client;
SET character_set_client = utf8mb4;
/*!50001 CREATE VIEW `services_service_categories` AS SELECT 
 1 AS `service_category_name`,
 1 AS `servise`*/;
SET character_set_client = @saved_cs_client;

--
-- Table structure for table `tax_categories`
--

DROP TABLE IF EXISTS `tax_categories`;
/*!40101 SET @saved_cs_client     = @@character_set_client */;
 SET character_set_client = utf8mb4 ;
CREATE TABLE `tax_categories` (
  `id` int(10) unsigned NOT NULL AUTO_INCREMENT,
  `name` varchar(45) NOT NULL,
  `expiration_days` int(10) unsigned NOT NULL DEFAULT '30',
  PRIMARY KEY (`id`),
  UNIQUE KEY `id_UNIQUE` (`id`),
  UNIQUE KEY `name_UNIQUE` (`name`)
) ENGINE=InnoDB AUTO_INCREMENT=11 DEFAULT CHARSET=utf8;
/*!40101 SET character_set_client = @saved_cs_client */;

--
-- Dumping data for table `tax_categories`
--

LOCK TABLES `tax_categories` WRITE;
/*!40000 ALTER TABLE `tax_categories` DISABLE KEYS */;
INSERT INTO `tax_categories` VALUES (1,'rerum',39),(2,'aut',31),(3,'ratione',59),(4,'dolorem',38),(5,'nesciunt',39),(6,'optio',54),(7,'doloribus',60),(8,'voluptatum',47),(9,'porro',35),(10,'in',34);
/*!40000 ALTER TABLE `tax_categories` ENABLE KEYS */;
UNLOCK TABLES;

--
-- Table structure for table `taxes`
--

DROP TABLE IF EXISTS `taxes`;
/*!40101 SET @saved_cs_client     = @@character_set_client */;
 SET character_set_client = utf8mb4 ;
CREATE TABLE `taxes` (
  `id` int(10) unsigned NOT NULL AUTO_INCREMENT,
  `tax_category_id` int(11) unsigned NOT NULL,
  `user_id` int(11) unsigned NOT NULL,
  `amount` decimal(30,0) NOT NULL,
  `issued_datetime` datetime NOT NULL DEFAULT CURRENT_TIMESTAMP,
  PRIMARY KEY (`id`),
  UNIQUE KEY `id_UNIQUE` (`id`),
  KEY `FK_TAX_CATEGORY_idx` (`tax_category_id`),
  KEY `FK_USER_ID` (`user_id`),
  CONSTRAINT `FK_TAX_CAT` FOREIGN KEY (`tax_category_id`) REFERENCES `tax_categories` (`id`),
  CONSTRAINT `FK_USER_ID` FOREIGN KEY (`user_id`) REFERENCES `users` (`id`)
) ENGINE=InnoDB AUTO_INCREMENT=101 DEFAULT CHARSET=utf8;
/*!40101 SET character_set_client = @saved_cs_client */;

--
-- Dumping data for table `taxes`
--

LOCK TABLES `taxes` WRITE;
/*!40000 ALTER TABLE `taxes` DISABLE KEYS */;
INSERT INTO `taxes` VALUES (1,5,98,82079,'1994-09-12 16:13:43'),(2,3,20,67257,'1990-11-29 11:25:39'),(3,8,95,49770,'2003-04-14 05:41:21'),(4,2,58,31246,'2000-02-10 01:10:09'),(5,9,23,63619,'1996-03-22 17:00:00'),(6,7,83,79831,'1977-10-12 23:41:05'),(7,5,42,61910,'1982-05-16 06:11:55'),(8,1,55,62461,'2005-07-29 19:07:19'),(9,1,71,67249,'2004-01-03 21:11:37'),(10,9,51,60969,'2007-04-22 10:39:34'),(11,2,60,41597,'1995-12-31 17:54:26'),(12,2,87,57798,'2012-09-13 18:46:14'),(13,4,10,65987,'1981-11-01 07:19:24'),(14,6,87,81213,'1980-06-08 08:49:25'),(15,6,35,78672,'2004-03-19 19:30:14'),(16,9,82,15774,'2007-04-28 00:14:22'),(17,6,25,64707,'1970-04-24 15:13:06'),(18,4,59,54691,'2001-06-14 17:14:20'),(19,7,98,61246,'2018-09-11 02:46:27'),(20,1,47,42309,'2005-04-09 14:22:33'),(21,7,68,46455,'2018-04-24 14:30:43'),(22,4,13,96579,'1972-11-12 23:13:32'),(23,3,87,59949,'2007-02-21 10:55:45'),(24,7,58,68002,'2015-09-05 00:00:20'),(25,1,37,82350,'2002-06-17 13:53:03'),(26,8,63,14209,'1999-03-27 11:47:45'),(27,9,83,75860,'1982-07-01 18:25:14'),(28,4,60,17556,'1973-07-30 04:16:05'),(29,7,32,98321,'1976-07-16 09:25:11'),(30,6,53,9413,'2016-06-08 22:41:17'),(31,8,74,20470,'1997-06-03 12:30:11'),(32,5,58,43456,'2012-01-04 06:00:41'),(33,2,90,88489,'1988-11-05 09:53:16'),(34,8,32,85154,'1986-12-24 14:57:59'),(35,3,34,52206,'1991-11-01 20:40:07'),(36,6,49,69242,'2013-11-13 06:18:47'),(37,9,18,52817,'2011-04-21 12:12:55'),(38,4,37,58697,'1996-04-06 03:36:17'),(39,8,17,75797,'2005-01-05 06:44:24'),(40,10,34,7117,'1990-08-02 19:17:26'),(41,3,21,65147,'1973-12-07 17:37:24'),(42,10,14,32532,'1973-02-02 23:13:01'),(43,1,33,71955,'2017-11-05 01:37:19'),(44,2,20,74320,'1973-03-21 18:24:50'),(45,10,7,64774,'1981-08-24 17:55:36'),(46,6,31,63287,'1994-07-30 11:24:31'),(47,3,97,1232,'1992-08-23 04:21:25'),(48,2,82,78660,'1991-11-30 15:14:22'),(49,5,66,36147,'1989-11-07 11:36:35'),(50,3,90,79516,'2001-07-26 13:42:33'),(51,5,86,97848,'1993-05-23 03:39:20'),(52,5,67,71749,'2000-03-29 21:12:43'),(53,8,52,13354,'1989-07-03 23:20:10'),(54,8,68,65201,'2006-01-18 12:08:28'),(55,6,7,78792,'1985-07-07 17:24:22'),(56,3,6,57481,'2003-09-16 04:29:17'),(57,4,51,1378,'1974-10-27 23:38:20'),(58,7,54,45359,'1979-04-14 18:14:48'),(59,4,82,91150,'1990-02-25 03:31:11'),(60,7,74,19107,'2009-02-03 02:44:39'),(61,3,92,23588,'2000-07-18 02:35:15'),(62,5,69,93910,'1996-12-26 12:33:37'),(63,7,60,38611,'2009-08-24 21:01:13'),(64,6,49,87463,'1976-07-18 12:47:02'),(65,5,97,30423,'2005-04-07 01:02:40'),(66,10,66,1818,'1988-03-12 06:51:23'),(67,7,93,86064,'1994-01-08 12:26:16'),(68,4,88,77873,'2006-03-31 19:55:57'),(69,5,13,43345,'1971-04-24 07:48:50'),(70,3,50,93714,'1985-03-06 14:23:43'),(71,10,71,95317,'1978-01-25 15:48:42'),(72,2,69,66176,'1983-12-28 01:14:06'),(73,9,9,22091,'1995-11-07 22:21:04'),(74,5,24,72466,'2016-07-15 08:08:54'),(75,8,31,29021,'1972-06-19 11:33:24'),(76,4,90,4111,'1974-09-15 17:55:08'),(77,2,22,43823,'1978-12-31 17:38:26'),(78,2,77,56734,'1984-11-09 10:26:07'),(79,4,46,30070,'2019-02-20 15:51:18'),(80,6,78,99741,'2018-12-02 15:59:23'),(81,6,32,74673,'1979-10-22 17:16:40'),(82,10,13,53997,'2002-02-24 05:46:44'),(83,5,46,52888,'2017-04-14 11:31:44'),(84,4,61,23999,'1988-01-14 03:25:41'),(85,9,83,18988,'1992-04-26 12:23:07'),(86,7,99,74880,'2008-01-03 17:24:32'),(87,9,34,3721,'1985-10-03 12:50:16'),(88,7,56,20667,'1970-12-17 03:14:25'),(89,2,10,80368,'2007-05-27 15:35:17'),(90,8,7,5371,'2010-12-21 06:02:43'),(91,3,92,83549,'1978-06-01 22:33:43'),(92,3,69,39172,'2017-10-03 07:39:20'),(93,1,21,44881,'2012-04-19 10:17:07'),(94,5,18,56205,'1988-02-25 00:17:35'),(95,7,59,90002,'1977-01-29 06:16:59'),(96,10,82,95603,'2016-03-05 14:06:13'),(97,4,62,18977,'1982-01-24 15:15:10'),(98,7,71,36300,'1977-02-25 11:45:08'),(99,2,68,47000,'2014-06-12 11:13:30'),(100,1,43,8729,'1982-04-13 14:16:50');
/*!40000 ALTER TABLE `taxes` ENABLE KEYS */;
UNLOCK TABLES;
/*!50003 SET @saved_cs_client      = @@character_set_client */ ;
/*!50003 SET @saved_cs_results     = @@character_set_results */ ;
/*!50003 SET @saved_col_connection = @@collation_connection */ ;
/*!50003 SET character_set_client  = utf8mb4 */ ;
/*!50003 SET character_set_results = utf8mb4 */ ;
/*!50003 SET collation_connection  = utf8mb4_0900_ai_ci */ ;
/*!50003 SET @saved_sql_mode       = @@sql_mode */ ;
/*!50003 SET sql_mode              = 'ONLY_FULL_GROUP_BY,STRICT_TRANS_TABLES,NO_ZERO_IN_DATE,NO_ZERO_DATE,ERROR_FOR_DIVISION_BY_ZERO,NO_ENGINE_SUBSTITUTION' */ ;
DELIMITER ;;
/*!50003 CREATE*/ /*!50017 DEFINER=`root`@`%`*/ /*!50003 TRIGGER `taxes_AFTER_INSERT` AFTER INSERT ON `taxes` FOR EACH ROW BEGIN
	insert into logs values('tax', default, new.id, 'added');
END */;;
DELIMITER ;
/*!50003 SET sql_mode              = @saved_sql_mode */ ;
/*!50003 SET character_set_client  = @saved_cs_client */ ;
/*!50003 SET character_set_results = @saved_cs_results */ ;
/*!50003 SET collation_connection  = @saved_col_connection */ ;

--
-- Table structure for table `users`
--

DROP TABLE IF EXISTS `users`;
/*!40101 SET @saved_cs_client     = @@character_set_client */;
 SET character_set_client = utf8mb4 ;
CREATE TABLE `users` (
  `id` int(10) unsigned NOT NULL AUTO_INCREMENT,
  `username` varchar(45) NOT NULL,
  `password` varchar(255) NOT NULL,
  PRIMARY KEY (`id`),
  UNIQUE KEY `id_UNIQUE` (`id`),
  UNIQUE KEY `username_UNIQUE` (`username`)
) ENGINE=InnoDB AUTO_INCREMENT=101 DEFAULT CHARSET=utf8;
/*!40101 SET character_set_client = @saved_cs_client */;

--
-- Dumping data for table `users`
--

LOCK TABLES `users` WRITE;
/*!40000 ALTER TABLE `users` DISABLE KEYS */;
INSERT INTO `users` VALUES (1,'amanda86','1c5763c6ee0b12b8539454c79915c99a563a6fd0'),(2,'zjones','5c3752c4e3e870a1c0d0ed5385ef220f02ccbaf7'),(3,'eichmann.ferne','6c014f3b5d6ff61c2f9aaac15a138ac39859153d'),(4,'conn.jazlyn','51c32c3fc5891e3c17117158e0b0616778172b6a'),(5,'mya.quitzon','32c94c53cd8fea49b9cd43dc1a6ed614f650e851'),(6,'tevin32','693abf3295d91049b490e00a73e15d4337654f5e'),(7,'raquel12','104c14445c58db96f9da5ef47921f355323e9cd6'),(8,'glover.kamryn','e023dfa47f4659c47dfcee4b708422344cb962ba'),(9,'kirlin.shanelle','24974125165d953f28f5929fdf12924524b1b413'),(10,'minerva.mueller','d3fcb08590f52499b360897ece2876a59c5d5978'),(11,'letitia.christiansen','73132d5eff28690c5e57850b98a46d279c8ca044'),(12,'ena.deckow','53b32bb5cfab2f1bed1045bd343eafb594122b7b'),(13,'akuhic','6a5ddc4555ec5f70b20ed4cf8a4873b3e57500b8'),(14,'alia20','37b592c06ba9e6e74464d71ba613096879c1de41'),(15,'xbotsford','b56c9546e0c11cd159683d291a365f2407c9c0fe'),(16,'kasey59','40fac345601ff61328f6dcf1c3faf7ae77d0111e'),(17,'furman76','562406a7143b63000096fd7ad1a61e2f2510617a'),(18,'keven.johnson','1cdf4010aaef32f213b2ce5263d52ef4a8191c01'),(19,'monahan.amari','544c700a84abec6846ebf2b6a9bf3ec17256ffc7'),(20,'romaine04','246707408d9e0b3185a4540e6dbfb3ecdfd0310a'),(21,'nbernier','daa501dd6fb05615592cafd6a7a837de334786a0'),(22,'wava.weimann','41367348002b522f790936658d485886bd48aad5'),(23,'chandler33','5117656b191f4ec67104b2de98b23f7185ea7295'),(24,'loma18','633ff8f8a8384188f42089d4ceda69e9ff6c1d0d'),(25,'nterry','a0bfbd870ffc6dc4b7e35130d5c6e2e6f24b95dc'),(26,'demario55','2192762f2ff288b3bb6db2d0d1ba4cb4646386f4'),(27,'moen.grady','9e9202d675ec0ffc38fbed6a2c8cfbd161315f11'),(28,'darrel43','9e568e546092e596b27028a82d6476bd5ccc6f09'),(29,'leann.kunze','1b8c2c44405851fb09f1d3ce3c916d79300fa5c1'),(30,'gislason.kendra','83b80b4f32f235e6244de285765e178a4ba063d2'),(31,'terrell82','d78be3fbcb91bac01bca139a41c83c9c8894c212'),(32,'lambert.cummerata','c2bb5611aa1153a9307ceb1fba0ee6b3d9688686'),(33,'wiza.michele','0c4ed1d4cd5346d330c60a3da915158d496cb171'),(34,'lawson.botsford','68277c9c5158de10d42d2c593c537974997ab78d'),(35,'predovic.chelsie','2d7c9cd931c9bad9df2618c579362bf1a08e1c7e'),(36,'werner.smith','16ac183b37163982041f22d54e5c2aba11c4aa26'),(37,'ujacobi','08a14fc248ccbd8a36724280116b14ecb90d841f'),(38,'vjaskolski','c21aed1b50669db4a419275a50eda0920aec21f2'),(39,'mwelch','4f8f8bf48642286bba56a65784d067c02fd502a0'),(40,'jast.raegan','bdecd97eedf4e959490d695e4eb965c670de6fcb'),(41,'nannie.gleason','26d04c62cb88a8b5277b650720ee4923426973f5'),(42,'haley.chance','cea35b4c5965e4f6d9ef3639c4c4b0089ef86cdf'),(43,'jovani.klocko','3fb1bf6d8452ca8228e8ead165a51a684517eb66'),(44,'hills.hilton','e2033de33d869f135207aa4dbbf8cc25a6ddbdb3'),(45,'vsenger','564134726a12c0c043fc4045556f0e7ca028720b'),(46,'tbruen','c6fa8d91a6ad640224db739c01484d6f432b5cc5'),(47,'xcarter','a8ae880828bb7f508d27288caa725ebf12f14518'),(48,'aileen.howe','27b97d053741b3d04f62d23e4bbd485ea555ca69'),(49,'rashad.fritsch','273ada37abd0e578375df06bde29948a596577a7'),(50,'sbins','4f65ec3ea52c025e3d87f07d4737ee5cac6d7c41'),(51,'chaya30','63c7f6e3b9b2dc4074aad9d3954541def67dfd6c'),(52,'montana.pacocha','c92a91e02e24070196dc44b50adf683c98d28669'),(53,'jerrell20','a295a79926ea46574410a0fe2ace551c9a9e3357'),(54,'qmonahan','e31fd52e59c6c8b587aa649386cde15670267af8'),(55,'major.ernser','67d90ee892144006605d437432ad59272f884b40'),(56,'tkassulke','056cf3f1447f4092f63fd17954fe8ed25bf7783f'),(57,'josie.stoltenberg','5f947be7e76af0cc6ab2d828a9184f4aacddc37a'),(58,'valentine43','0c6106b59f4fc3f5b8f534017037b6d15df63633'),(59,'walter.clara','409a80cf1882957a5196504db2ae760a32ac9ad2'),(60,'leffler.sigrid','4f3285f599ffabea34372843675a7f160dc9e679'),(61,'plehner','eb0a99f3facbc377452cf4e3766d55e64b0ee1fe'),(62,'fisher.adelle','624010c8cf49c0636db9c411312d6ca3e3a99f82'),(63,'considine.reyes','428b25056658863c8e8b6b81b2683264ab02636b'),(64,'carroll.tabitha','e801a36adeb80991281de8514731697174cd5765'),(65,'calista11','9b28ab47d3305b2340c66ec76dfe712858f1e654'),(66,'kristina42','c3ec51eb9c5e1a4052f06caba09577f3fe4b0aee'),(67,'alexandre86','5ba329d188cee58b705c0397378eac26f3c170ae'),(68,'carmine74','c3da3ab7bde815bf6c48b16aa3e34b6f0774001f'),(69,'frankie67','40564821208bbfd95f47ef9556833f565d51d138'),(70,'ruecker.domenick','123615ab9fe6da5e818de0bcd6dc9047d55d1870'),(71,'kamron04','332165f4d6eaecc6d406393223dfa122b127e3c5'),(72,'green.amira','00daa9bf747210b8a51e809666f1b45144698bfb'),(73,'deckow.alivia','0959bbccc225ba06a42427a504dd48340963bd86'),(74,'nolan.levi','c27aa46cd2f7059303c3f13e600f14e762f46088'),(75,'ttorp','9e8d10f9c9ec2f35d568b8b8e32b3afe719d419b'),(76,'kkoch','0b987683f310e3a96bd151e43e7b4d806b9775c2'),(77,'mollie.mayer','ab63ac737b4a33b0e650f66efd9f63d6e9e53b5a'),(78,'blick.halie','c8cd5846c6b3a40ff2b8b231f7312f487c368a27'),(79,'danielle48','cf68a1383c9c93062c4a3fdbdedc5633f50042ae'),(80,'paula.anderson','74bb746f5348d785d0f1d7bf580bb746cf230aff'),(81,'yost.moses','788dc77eb0d5e87167b75a7566fdc4b3ba611597'),(82,'kendall69','a9f5820cbf21bd25f6e1883bd937ef899c013d0d'),(83,'kreiger.lawrence','c17bfb2ca8ba5fe6ad0ce87c6721573b5892340a'),(84,'howe.gail','29b821d90f253257ef1efa399f2840af8c20eb97'),(85,'dexter.marquardt','9afa37804be9a037c7a436a23e0681247fa661b3'),(86,'elian.ankunding','4aa54259bff78f96f437c9171aa4327769d71de4'),(87,'jabernathy','552459987a2a3a1774fdd7a849645953c0536456'),(88,'gibson.laurianne','b0159cd800317d1c97d084d1a856d4a8d4bb8d48'),(89,'lrobel','a1b123f42a8db128a072830ff0d541ee6df85080'),(90,'giovanni.hayes','96afbf32ee0ede0644797fc77bebed0295b7c868'),(91,'trey76','8388994234b39e7884d5f9ac2937401bb95aa55f'),(92,'joey.dibbert','18d5f04bac3f901755dcb3507221665930f47506'),(93,'do\'reilly','8f73fdc4959219d0d9f497c0f53ea39c498d2338'),(94,'eliane.mcclure','396dcd5de9b6d9e25f1a161119040b48199a2404'),(95,'volkman.loyce','9dc5b6de64187a3dcd4b3ac89a9e7b3133b54867'),(96,'welch.rosanna','abce1f96bcd69e2392b82a1e1d21970c79f08a56'),(97,'king.mariam','e5a19269dcfbfb62c4a116922b8a890bbe38d30c'),(98,'serena53','29673409a1ee7956b47eba1eded777df958bd92d'),(99,'balistreri.holly','5f42f3add9a74473585363f196110aae56535be4'),(100,'rey34','b2970df63c894f68adc52bac4f6aa343f1ac01b3');
/*!40000 ALTER TABLE `users` ENABLE KEYS */;
UNLOCK TABLES;
/*!50003 SET @saved_cs_client      = @@character_set_client */ ;
/*!50003 SET @saved_cs_results     = @@character_set_results */ ;
/*!50003 SET @saved_col_connection = @@collation_connection */ ;
/*!50003 SET character_set_client  = utf8mb4 */ ;
/*!50003 SET character_set_results = utf8mb4 */ ;
/*!50003 SET collation_connection  = utf8mb4_0900_ai_ci */ ;
/*!50003 SET @saved_sql_mode       = @@sql_mode */ ;
/*!50003 SET sql_mode              = 'ONLY_FULL_GROUP_BY,STRICT_TRANS_TABLES,NO_ZERO_IN_DATE,NO_ZERO_DATE,ERROR_FOR_DIVISION_BY_ZERO,NO_ENGINE_SUBSTITUTION' */ ;
DELIMITER ;;
/*!50003 CREATE*/ /*!50017 DEFINER=`root`@`%`*/ /*!50003 TRIGGER `users_AFTER_INSERT` AFTER INSERT ON `users` FOR EACH ROW BEGIN
	insert into logs values('user', default, new.id, 'added');
END */;;
DELIMITER ;
/*!50003 SET sql_mode              = @saved_sql_mode */ ;
/*!50003 SET character_set_client  = @saved_cs_client */ ;
/*!50003 SET character_set_results = @saved_cs_results */ ;
/*!50003 SET collation_connection  = @saved_col_connection */ ;

--
-- Table structure for table `users_information`
--

DROP TABLE IF EXISTS `users_information`;
/*!40101 SET @saved_cs_client     = @@character_set_client */;
 SET character_set_client = utf8mb4 ;
CREATE TABLE `users_information` (
  `id` int(10) unsigned NOT NULL AUTO_INCREMENT,
  `first_name` varchar(45) NOT NULL,
  `middle_name` varchar(45) DEFAULT NULL,
  `last_name` varchar(45) NOT NULL,
  `tel_number` varchar(45) NOT NULL,
  `address` longtext CHARACTER SET utf8mb4 COLLATE utf8mb4_bin,
  `personal_information` longtext CHARACTER SET utf8mb4 COLLATE utf8mb4_bin,
  `email` varchar(45) NOT NULL,
  `user_id` int(10) unsigned NOT NULL,
  PRIMARY KEY (`id`),
  UNIQUE KEY `id_UNIQUE` (`id`),
  KEY `FK_USER` (`user_id`),
  CONSTRAINT `FK_USER` FOREIGN KEY (`user_id`) REFERENCES `users` (`id`)
) ENGINE=InnoDB AUTO_INCREMENT=101 DEFAULT CHARSET=utf8;
/*!40101 SET character_set_client = @saved_cs_client */;

--
-- Dumping data for table `users_information`
--

LOCK TABLES `users_information` WRITE;
/*!40000 ALTER TABLE `users_information` DISABLE KEYS */;
INSERT INTO `users_information` VALUES (1,'Danika','ratione','Kozey','1-307-841-2667','{\"city\": \"Moscow\", \"room\": 282.0, \"house\": 91.0, \"street\": \"Moyakovskaya\"}','{\"issued\": \"Moscow\", \"pasport_number\": 1044843.0}','moore.mackenzie@example.net',1),(2,'Shad','voluptate','Predovic','(571)695-4272x265','{\"city\": \"Moscow\", \"room\": 828.0, \"house\": 135.0, \"street\": \"Moyakovskaya\"}','{\"issued\": \"Moscow\", \"pasport_number\": 1005390.0}','acrooks@example.net',2),(3,'Reba','veritatis','Ondricka','(587)529-1160','{\"city\": \"Moscow\", \"room\": 199.0, \"house\": 737.0, \"street\": \"Moyakovskaya\"}','{\"issued\": \"Rostov\", \"pasport_number\": 1098835.0}','xharris@example.org',3),(4,'Dashawn','est','Bergstrom','466-855-0360x2202','{\"city\": \"Moscow\", \"room\": 326.0, \"house\": 785.0, \"street\": \"Moyakovskaya\"}','{\"issued\": \"Rostov\", \"pasport_number\": 1029357.0}','lfritsch@example.net',4),(5,'Lilliana','officiis','Ondricka','388-542-8179','{\"city\": \"Moscow\", \"room\": 389.0, \"house\": 273.0, \"street\": \"Moyakovskaya\"}','{\"issued\": \"Rostov\", \"pasport_number\": 1068279.0}','jackeline88@example.net',5),(6,'Jennifer','dolorum','Schmidt','(490)145-6924x891','{\"city\": \"Moscow\", \"room\": 448.0, \"house\": 123.0, \"street\": \"Moyakovskaya\"}','{\"issued\": \"Samara\", \"pasport_number\": 1033084.0}','kariane05@example.org',6),(7,'Orie','nisi','Mitchell','710-840-0279x0871','{\"city\": \"Moscow\", \"room\": 18.0, \"house\": 873.0, \"street\": \"Moyakovskaya\"}','{\"issued\": \"Rostov\", \"pasport_number\": 1014083.0}','handerson@example.org',7),(8,'Felton','ea','Lemke','(950)279-6524','{\"city\": \"Moscow\", \"room\": 301.0, \"house\": 471.0, \"street\": \"Moyakovskaya\"}','{\"issued\": \"Moscow\", \"pasport_number\": 1069836.0}','daugherty.devan@example.org',8),(9,'Adrianna','blanditiis','Lesch','762-296-3878x9415','{\"city\": \"Moscow\", \"room\": 546.0, \"house\": 90.0, \"street\": \"Moyakovskaya\"}','{\"issued\": \"Rostov\", \"pasport_number\": 1000132.0}','wiegand.jaylon@example.com',9),(10,'Ramon','reiciendis','Hermiston','427.687.8851x278','{\"city\": \"Moscow\", \"room\": 658.0, \"house\": 459.0, \"street\": \"Moyakovskaya\"}','{\"issued\": \"Rostov\", \"pasport_number\": 1073996.0}','feest.savion@example.org',10),(11,'Foster','suscipit','Bayer','1-026-753-7146x2313','{\"city\": \"Moscow\", \"room\": 580.0, \"house\": 911.0, \"street\": \"Moyakovskaya\"}','{\"issued\": \"Rostov\", \"pasport_number\": 1004739.0}','owaelchi@example.net',11),(12,'Verla','quia','Wisoky','(218)327-0047x730','{\"city\": \"Moscow\", \"room\": 92.0, \"house\": 166.0, \"street\": \"Moyakovskaya\"}','{\"issued\": \"Moscow\", \"pasport_number\": 1024075.0}','kiana.gorczany@example.org',12),(13,'Arianna','ad','Gusikowski','(008)415-1055x04766','{\"city\": \"Moscow\", \"room\": 518.0, \"house\": 959.0, \"street\": \"Moyakovskaya\"}','{\"issued\": \"Moscow\", \"pasport_number\": 1014776.0}','hettinger.lennie@example.net',13),(14,'Jewel','aut','Klein','082.168.2620x995','{\"city\": \"Moscow\", \"room\": 5.0, \"house\": 712.0, \"street\": \"Moyakovskaya\"}','{\"issued\": \"Samara\", \"pasport_number\": 1064081.0}','maryam.kohler@example.org',14),(15,'Cesar','nisi','Veum','1-960-828-7415x457','{\"city\": \"Moscow\", \"room\": 427.0, \"house\": 888.0, \"street\": \"Moyakovskaya\"}','{\"issued\": \"Samara\", \"pasport_number\": 1084551.0}','kristopher.hayes@example.com',15),(16,'Jessika','earum','Ortiz','(696)388-1657','{\"city\": \"Moscow\", \"room\": 58.0, \"house\": 468.0, \"street\": \"Moyakovskaya\"}','{\"issued\": \"Rostov\", \"pasport_number\": 1029754.0}','jonas07@example.com',16),(17,'Darrell','magni','Waters','(722)546-3325','{\"city\": \"Moscow\", \"room\": 256.0, \"house\": 886.0, \"street\": \"Moyakovskaya\"}','{\"issued\": \"Rostov\", \"pasport_number\": 1004370.0}','bernhard.myron@example.com',17),(18,'Madge','vel','O\'Hara','903-064-3315x6150','{\"city\": \"Moscow\", \"room\": 333.0, \"house\": 620.0, \"street\": \"Moyakovskaya\"}','{\"issued\": \"Moscow\", \"pasport_number\": 1015241.0}','bobbie.steuber@example.com',18),(19,'Orrin','est','Franecki','1-349-709-6737x746','{\"city\": \"Moscow\", \"room\": 26.0, \"house\": 805.0, \"street\": \"Moyakovskaya\"}','{\"issued\": \"Rostov\", \"pasport_number\": 1050259.0}','aschoen@example.net',19),(20,'Jonas','veritatis','Leannon','803-133-3348','{\"city\": \"Moscow\", \"room\": 487.0, \"house\": 713.0, \"street\": \"Moyakovskaya\"}','{\"issued\": \"Moscow\", \"pasport_number\": 1017751.0}','theresia.kovacek@example.com',20),(21,'Marian','autem','Cartwright','767.127.1190x30375','{\"city\": \"Moscow\", \"room\": 12.0, \"house\": 295.0, \"street\": \"Moyakovskaya\"}','{\"issued\": \"Moscow\", \"pasport_number\": 1084951.0}','estehr@example.org',21),(22,'Elinore','ut','Moen','(067)063-3489x63698','{\"city\": \"Moscow\", \"room\": 839.0, \"house\": 175.0, \"street\": \"Moyakovskaya\"}','{\"issued\": \"Samara\", \"pasport_number\": 1054313.0}','macie.murazik@example.org',22),(23,'Minerva','et','Hickle','079-596-8417x19490','{\"city\": \"Moscow\", \"room\": 838.0, \"house\": 671.0, \"street\": \"Moyakovskaya\"}','{\"issued\": \"Samara\", \"pasport_number\": 1067391.0}','emmanuel97@example.org',23),(24,'Clemmie','officiis','Pfannerstill','(098)461-1631','{\"city\": \"Moscow\", \"room\": 369.0, \"house\": 177.0, \"street\": \"Moyakovskaya\"}','{\"issued\": \"Samara\", \"pasport_number\": 1091613.0}','murphy.leif@example.net',24),(25,'Korbin','id','Ryan','1-498-353-8161x7569','{\"city\": \"Moscow\", \"room\": 458.0, \"house\": 313.0, \"street\": \"Moyakovskaya\"}','{\"issued\": \"Samara\", \"pasport_number\": 1034136.0}','wilderman.vada@example.net',25),(26,'Mable','possimus','Grady','868-041-6943','{\"city\": \"Moscow\", \"room\": 374.0, \"house\": 349.0, \"street\": \"Moyakovskaya\"}','{\"issued\": \"Rostov\", \"pasport_number\": 1024065.0}','kole.walter@example.com',26),(27,'Trace','natus','Robel','1-455-141-4360x01846','{\"city\": \"Moscow\", \"room\": 975.0, \"house\": 819.0, \"street\": \"Moyakovskaya\"}','{\"issued\": \"Rostov\", \"pasport_number\": 1050017.0}','lubowitz.opal@example.com',27),(28,'Rosetta','unde','Pollich','481-141-3812','{\"city\": \"Moscow\", \"room\": 157.0, \"house\": 416.0, \"street\": \"Moyakovskaya\"}','{\"issued\": \"Rostov\", \"pasport_number\": 1033738.0}','o\'hara.lura@example.net',28),(29,'Carmella','ut','Farrell','306.224.6275x531','{\"city\": \"Moscow\", \"room\": 201.0, \"house\": 534.0, \"street\": \"Moyakovskaya\"}','{\"issued\": \"Moscow\", \"pasport_number\": 1090869.0}','uboehm@example.net',29),(30,'Joesph','eius','Bergstrom','1-432-402-8022x664','{\"city\": \"Moscow\", \"room\": 403.0, \"house\": 401.0, \"street\": \"Moyakovskaya\"}','{\"issued\": \"Samara\", \"pasport_number\": 1022871.0}','leuschke.eleazar@example.net',30),(31,'Marian','architecto','Toy','(271)652-2169','{\"city\": \"Moscow\", \"room\": 851.0, \"house\": 812.0, \"street\": \"Moyakovskaya\"}','{\"issued\": \"Moscow\", \"pasport_number\": 1016735.0}','saul.gusikowski@example.com',31),(32,'Sarai','impedit','Mosciski','511.508.0087','{\"city\": \"Moscow\", \"room\": 538.0, \"house\": 818.0, \"street\": \"Moyakovskaya\"}','{\"issued\": \"Moscow\", \"pasport_number\": 1012139.0}','sydnee71@example.org',32),(33,'Gonzalo','maxime','Hermann','1-293-422-0817','{\"city\": \"Moscow\", \"room\": 551.0, \"house\": 233.0, \"street\": \"Moyakovskaya\"}','{\"issued\": \"Moscow\", \"pasport_number\": 1080025.0}','scollins@example.org',33),(34,'Jack','natus','Gulgowski','(989)109-0330x158','{\"city\": \"Moscow\", \"room\": 624.0, \"house\": 55.0, \"street\": \"Moyakovskaya\"}','{\"issued\": \"Samara\", \"pasport_number\": 1011235.0}','ruecker.grady@example.org',34),(35,'Mitchell','voluptatibus','Streich','325.997.9968x35374','{\"city\": \"Moscow\", \"room\": 891.0, \"house\": 953.0, \"street\": \"Moyakovskaya\"}','{\"issued\": \"Rostov\", \"pasport_number\": 1093238.0}','mckenzie.keagan@example.com',35),(36,'Veronica','velit','Brekke','1-184-744-6382x5686','{\"city\": \"Moscow\", \"room\": 316.0, \"house\": 598.0, \"street\": \"Moyakovskaya\"}','{\"issued\": \"Samara\", \"pasport_number\": 1070422.0}','harvey.brooke@example.org',36),(37,'Chanelle','dolorem','Auer','(930)272-7177x5848','{\"city\": \"Moscow\", \"room\": 986.0, \"house\": 787.0, \"street\": \"Moyakovskaya\"}','{\"issued\": \"Rostov\", \"pasport_number\": 1098881.0}','gerdman@example.org',37),(38,'Dudley','a','Gusikowski','258.830.7561x64663','{\"city\": \"Moscow\", \"room\": 888.0, \"house\": 570.0, \"street\": \"Moyakovskaya\"}','{\"issued\": \"Moscow\", \"pasport_number\": 1044946.0}','pswaniawski@example.org',38),(39,'Wade','molestiae','Miller','1-282-519-1780','{\"city\": \"Moscow\", \"room\": 999.0, \"house\": 733.0, \"street\": \"Moyakovskaya\"}','{\"issued\": \"Samara\", \"pasport_number\": 1064041.0}','gabriel.breitenberg@example.net',39),(40,'Shanie','sed','Effertz','(219)483-5485x199','{\"city\": \"Moscow\", \"room\": 986.0, \"house\": 797.0, \"street\": \"Moyakovskaya\"}','{\"issued\": \"Rostov\", \"pasport_number\": 1012269.0}','lemuel57@example.net',40),(41,'Bethany','nulla','Bode','06212197400','{\"city\": \"Moscow\", \"room\": 739.0, \"house\": 540.0, \"street\": \"Moyakovskaya\"}','{\"issued\": \"Samara\", \"pasport_number\": 1056749.0}','neva.olson@example.org',41),(42,'Stanley','voluptates','Cruickshank','+11(5)7996782093','{\"city\": \"Moscow\", \"room\": 155.0, \"house\": 74.0, \"street\": \"Moyakovskaya\"}','{\"issued\": \"Rostov\", \"pasport_number\": 1067813.0}','piper.ratke@example.org',42),(43,'Alexanne','nam','Hudson','(463)246-6311x93059','{\"city\": \"Moscow\", \"room\": 289.0, \"house\": 551.0, \"street\": \"Moyakovskaya\"}','{\"issued\": \"Rostov\", \"pasport_number\": 1077713.0}','hackett.johnathon@example.net',43),(44,'Elenora','repellat','Wunsch','00847014945','{\"city\": \"Moscow\", \"room\": 98.0, \"house\": 793.0, \"street\": \"Moyakovskaya\"}','{\"issued\": \"Moscow\", \"pasport_number\": 1066228.0}','dena55@example.org',44),(45,'Camron','nobis','Carter','339.530.3351','{\"city\": \"Moscow\", \"room\": 263.0, \"house\": 112.0, \"street\": \"Moyakovskaya\"}','{\"issued\": \"Moscow\", \"pasport_number\": 1058924.0}','maryam04@example.net',45),(46,'Janessa','qui','Emmerich','(721)201-4142','{\"city\": \"Moscow\", \"room\": 107.0, \"house\": 979.0, \"street\": \"Moyakovskaya\"}','{\"issued\": \"Moscow\", \"pasport_number\": 1023500.0}','otho.padberg@example.org',46),(47,'Andy','placeat','Rath','+56(4)9766334120','{\"city\": \"Moscow\", \"room\": 662.0, \"house\": 597.0, \"street\": \"Moyakovskaya\"}','{\"issued\": \"Moscow\", \"pasport_number\": 1016189.0}','veum.avis@example.net',47),(48,'Donald','et','Rath','(969)646-1122','{\"city\": \"Moscow\", \"room\": 607.0, \"house\": 519.0, \"street\": \"Moyakovskaya\"}','{\"issued\": \"Rostov\", \"pasport_number\": 1096105.0}','christophe83@example.com',48),(49,'Monroe','tenetur','Brakus','(684)190-2299x2064','{\"city\": \"Moscow\", \"room\": 570.0, \"house\": 478.0, \"street\": \"Moyakovskaya\"}','{\"issued\": \"Moscow\", \"pasport_number\": 1080300.0}','dgorczany@example.org',49),(50,'Kacey','et','Maggio','1-527-873-0220x834','{\"city\": \"Moscow\", \"room\": 369.0, \"house\": 416.0, \"street\": \"Moyakovskaya\"}','{\"issued\": \"Samara\", \"pasport_number\": 1060758.0}','jgreenholt@example.org',50),(51,'Leopoldo','debitis','Kris','803-109-0421','{\"city\": \"Moscow\", \"room\": 870.0, \"house\": 595.0, \"street\": \"Moyakovskaya\"}','{\"issued\": \"Moscow\", \"pasport_number\": 1031715.0}','fdouglas@example.com',51),(52,'Arlie','omnis','Bogan','019.026.7546','{\"city\": \"Moscow\", \"room\": 205.0, \"house\": 563.0, \"street\": \"Moyakovskaya\"}','{\"issued\": \"Rostov\", \"pasport_number\": 1055761.0}','mcglynn.amely@example.org',52),(53,'Christy','labore','Roberts','(288)410-6558x08443','{\"city\": \"Moscow\", \"room\": 65.0, \"house\": 336.0, \"street\": \"Moyakovskaya\"}','{\"issued\": \"Moscow\", \"pasport_number\": 1074037.0}','jstiedemann@example.org',53),(54,'Pete','quas','Jast','1-394-650-3135x870','{\"city\": \"Moscow\", \"room\": 391.0, \"house\": 317.0, \"street\": \"Moyakovskaya\"}','{\"issued\": \"Moscow\", \"pasport_number\": 1004859.0}','torp.marquis@example.org',54),(55,'Dan','odit','Dach','601.875.3475','{\"city\": \"Moscow\", \"room\": 828.0, \"house\": 1000.0, \"street\": \"Moyakovskaya\"}','{\"issued\": \"Moscow\", \"pasport_number\": 1025999.0}','boris.robel@example.net',55),(56,'Allene','doloribus','Kuvalis','643-235-3388','{\"city\": \"Moscow\", \"room\": 211.0, \"house\": 139.0, \"street\": \"Moyakovskaya\"}','{\"issued\": \"Samara\", \"pasport_number\": 1050247.0}','rhahn@example.org',56),(57,'Reba','reprehenderit','Murazik','(226)805-8096','{\"city\": \"Moscow\", \"room\": 556.0, \"house\": 638.0, \"street\": \"Moyakovskaya\"}','{\"issued\": \"Moscow\", \"pasport_number\": 1020711.0}','batz.rosamond@example.net',57),(58,'Una','a','Jacobi','(066)279-0350x436','{\"city\": \"Moscow\", \"room\": 655.0, \"house\": 865.0, \"street\": \"Moyakovskaya\"}','{\"issued\": \"Moscow\", \"pasport_number\": 1041281.0}','dgoldner@example.com',58),(59,'Kathlyn','laudantium','Weimann','(030)341-4039','{\"city\": \"Moscow\", \"room\": 441.0, \"house\": 681.0, \"street\": \"Moyakovskaya\"}','{\"issued\": \"Rostov\", \"pasport_number\": 1097951.0}','roselyn76@example.org',59),(60,'Harrison','sed','Rohan','1-593-495-7415','{\"city\": \"Moscow\", \"room\": 473.0, \"house\": 159.0, \"street\": \"Moyakovskaya\"}','{\"issued\": \"Moscow\", \"pasport_number\": 1089549.0}','clyde.o\'hara@example.com',60),(61,'Elian','pariatur','Osinski','254.982.1894x741','{\"city\": \"Moscow\", \"room\": 22.0, \"house\": 888.0, \"street\": \"Moyakovskaya\"}','{\"issued\": \"Samara\", \"pasport_number\": 1019867.0}','wyman73@example.net',61),(62,'Gussie','sit','Osinski','523.153.3039x961','{\"city\": \"Moscow\", \"room\": 150.0, \"house\": 443.0, \"street\": \"Moyakovskaya\"}','{\"issued\": \"Moscow\", \"pasport_number\": 1071536.0}','vblanda@example.com',62),(63,'Elias','repellendus','Reichel','1-554-161-5212x5467','{\"city\": \"Moscow\", \"room\": 647.0, \"house\": 420.0, \"street\": \"Moyakovskaya\"}','{\"issued\": \"Samara\", \"pasport_number\": 1080392.0}','colleen55@example.com',63),(64,'Dwight','odit','Crona','1-927-413-5562x02755','{\"city\": \"Moscow\", \"room\": 947.0, \"house\": 978.0, \"street\": \"Moyakovskaya\"}','{\"issued\": \"Rostov\", \"pasport_number\": 1083630.0}','mina.lehner@example.net',64),(65,'Efrain','ipsa','Towne','664.640.3950','{\"city\": \"Moscow\", \"room\": 169.0, \"house\": 802.0, \"street\": \"Moyakovskaya\"}','{\"issued\": \"Rostov\", \"pasport_number\": 1065452.0}','gennaro75@example.org',65),(66,'Robert','ratione','Keeling','(608)126-6698x6187','{\"city\": \"Moscow\", \"room\": 688.0, \"house\": 439.0, \"street\": \"Moyakovskaya\"}','{\"issued\": \"Moscow\", \"pasport_number\": 1090927.0}','esther86@example.com',66),(67,'Nicole','inventore','Hermann','(580)409-6044x11773','{\"city\": \"Moscow\", \"room\": 551.0, \"house\": 123.0, \"street\": \"Moyakovskaya\"}','{\"issued\": \"Moscow\", \"pasport_number\": 1038551.0}','marlene17@example.net',67),(68,'Vena','repudiandae','Murray','831.535.7198','{\"city\": \"Moscow\", \"room\": 276.0, \"house\": 386.0, \"street\": \"Moyakovskaya\"}','{\"issued\": \"Rostov\", \"pasport_number\": 1014127.0}','qupton@example.com',68),(69,'Hillary','quaerat','Olson','616-969-6900','{\"city\": \"Moscow\", \"room\": 268.0, \"house\": 219.0, \"street\": \"Moyakovskaya\"}','{\"issued\": \"Moscow\", \"pasport_number\": 1021455.0}','jesus.jacobs@example.com',69),(70,'Quinton','cum','Lesch','(015)427-9222','{\"city\": \"Moscow\", \"room\": 608.0, \"house\": 683.0, \"street\": \"Moyakovskaya\"}','{\"issued\": \"Moscow\", \"pasport_number\": 1080508.0}','bo\'reilly@example.com',70),(71,'Madyson','et','Lebsack','033-458-8502','{\"city\": \"Moscow\", \"room\": 139.0, \"house\": 993.0, \"street\": \"Moyakovskaya\"}','{\"issued\": \"Samara\", \"pasport_number\": 1036554.0}','rgrimes@example.org',71),(72,'Paige','non','Trantow','+07(0)9916173587','{\"city\": \"Moscow\", \"room\": 161.0, \"house\": 716.0, \"street\": \"Moyakovskaya\"}','{\"issued\": \"Samara\", \"pasport_number\": 1069956.0}','pspinka@example.org',72),(73,'Marty','ipsa','Torphy','580.653.8295','{\"city\": \"Moscow\", \"room\": 805.0, \"house\": 658.0, \"street\": \"Moyakovskaya\"}','{\"issued\": \"Rostov\", \"pasport_number\": 1000188.0}','jensen40@example.net',73),(74,'Lucio','possimus','D\'Amore','1-249-980-8029x293','{\"city\": \"Moscow\", \"room\": 833.0, \"house\": 50.0, \"street\": \"Moyakovskaya\"}','{\"issued\": \"Samara\", \"pasport_number\": 1073971.0}','towne.mina@example.net',74),(75,'Randy','repudiandae','Bernhard','261.902.1568x06294','{\"city\": \"Moscow\", \"room\": 588.0, \"house\": 18.0, \"street\": \"Moyakovskaya\"}','{\"issued\": \"Rostov\", \"pasport_number\": 1003758.0}','jakubowski.maverick@example.com',75),(76,'Dorothy','rerum','Thiel','956-047-5970x7078','{\"city\": \"Moscow\", \"room\": 667.0, \"house\": 886.0, \"street\": \"Moyakovskaya\"}','{\"issued\": \"Rostov\", \"pasport_number\": 1005660.0}','csanford@example.net',76),(77,'Fletcher','et','Schinner','(405)578-0709','{\"city\": \"Moscow\", \"room\": 369.0, \"house\": 674.0, \"street\": \"Moyakovskaya\"}','{\"issued\": \"Samara\", \"pasport_number\": 1073731.0}','victoria.mertz@example.org',77),(78,'Jerrod','cumque','Veum','565.380.5731x4701','{\"city\": \"Moscow\", \"room\": 999.0, \"house\": 821.0, \"street\": \"Moyakovskaya\"}','{\"issued\": \"Samara\", \"pasport_number\": 1049951.0}','theresa.aufderhar@example.com',78),(79,'Marjory','eum','Mertz','(766)014-6820','{\"city\": \"Moscow\", \"room\": 654.0, \"house\": 530.0, \"street\": \"Moyakovskaya\"}','{\"issued\": \"Rostov\", \"pasport_number\": 1085498.0}','margarete.nienow@example.com',79),(80,'Jalyn','et','Watsica','298-801-0380','{\"city\": \"Moscow\", \"room\": 428.0, \"house\": 678.0, \"street\": \"Moyakovskaya\"}','{\"issued\": \"Moscow\", \"pasport_number\": 1074903.0}','jmcglynn@example.com',80),(81,'Madeline','magni','Dickinson','724-249-1815','{\"city\": \"Moscow\", \"room\": 240.0, \"house\": 105.0, \"street\": \"Moyakovskaya\"}','{\"issued\": \"Moscow\", \"pasport_number\": 1053680.0}','dahlia.abernathy@example.net',81),(82,'Abdullah','eum','Dicki','+69(2)7982863746','{\"city\": \"Moscow\", \"room\": 705.0, \"house\": 885.0, \"street\": \"Moyakovskaya\"}','{\"issued\": \"Samara\", \"pasport_number\": 1045803.0}','effertz.dorcas@example.net',82),(83,'Horace','mollitia','Berge','1-637-146-8760x84055','{\"city\": \"Moscow\", \"room\": 230.0, \"house\": 869.0, \"street\": \"Moyakovskaya\"}','{\"issued\": \"Samara\", \"pasport_number\": 1087135.0}','quinten95@example.org',83),(84,'Sylvester','ducimus','Oberbrunner','(663)174-5053','{\"city\": \"Moscow\", \"room\": 17.0, \"house\": 541.0, \"street\": \"Moyakovskaya\"}','{\"issued\": \"Rostov\", \"pasport_number\": 1043339.0}','zemlak.candice@example.org',84),(85,'Wellington','expedita','Pollich','206-021-2779x54036','{\"city\": \"Moscow\", \"room\": 256.0, \"house\": 462.0, \"street\": \"Moyakovskaya\"}','{\"issued\": \"Moscow\", \"pasport_number\": 1039239.0}','rschneider@example.com',85),(86,'Salvador','ex','Christiansen','(107)673-1865','{\"city\": \"Moscow\", \"room\": 712.0, \"house\": 896.0, \"street\": \"Moyakovskaya\"}','{\"issued\": \"Samara\", \"pasport_number\": 1055495.0}','wilma.witting@example.com',86),(87,'Torrey','est','Effertz','119.143.4247x3946','{\"city\": \"Moscow\", \"room\": 217.0, \"house\": 871.0, \"street\": \"Moyakovskaya\"}','{\"issued\": \"Moscow\", \"pasport_number\": 1001261.0}','monahan.javonte@example.com',87),(88,'Katlyn','cupiditate','Smitham','039.290.7975x4514','{\"city\": \"Moscow\", \"room\": 705.0, \"house\": 471.0, \"street\": \"Moyakovskaya\"}','{\"issued\": \"Moscow\", \"pasport_number\": 1024511.0}','emery96@example.net',88),(89,'Raina','dolorum','Wisozk','(990)065-6209x06896','{\"city\": \"Moscow\", \"room\": 440.0, \"house\": 111.0, \"street\": \"Moyakovskaya\"}','{\"issued\": \"Samara\", \"pasport_number\": 1054366.0}','crolfson@example.org',89),(90,'Guiseppe','alias','Yost','(518)063-7982x943','{\"city\": \"Moscow\", \"room\": 10.0, \"house\": 866.0, \"street\": \"Moyakovskaya\"}','{\"issued\": \"Rostov\", \"pasport_number\": 1012353.0}','kattie95@example.com',90),(91,'Daryl','eveniet','Morissette','229-825-4379','{\"city\": \"Moscow\", \"room\": 220.0, \"house\": 450.0, \"street\": \"Moyakovskaya\"}','{\"issued\": \"Samara\", \"pasport_number\": 1045428.0}','akeem32@example.org',91),(92,'Napoleon','illo','Bogisich','(223)308-1290','{\"city\": \"Moscow\", \"room\": 96.0, \"house\": 751.0, \"street\": \"Moyakovskaya\"}','{\"issued\": \"Samara\", \"pasport_number\": 1051951.0}','kaycee24@example.org',92),(93,'Callie','eum','Schultz','663-811-3567x6175','{\"city\": \"Moscow\", \"room\": 827.0, \"house\": 223.0, \"street\": \"Moyakovskaya\"}','{\"issued\": \"Samara\", \"pasport_number\": 1078231.0}','joey82@example.net',93),(94,'Maurice','reiciendis','Cronin','(764)733-8409','{\"city\": \"Moscow\", \"room\": 842.0, \"house\": 465.0, \"street\": \"Moyakovskaya\"}','{\"issued\": \"Samara\", \"pasport_number\": 1018831.0}','leuschke.estel@example.org',94),(95,'Mabelle','hic','DuBuque','308-924-2654x7375','{\"city\": \"Moscow\", \"room\": 561.0, \"house\": 818.0, \"street\": \"Moyakovskaya\"}','{\"issued\": \"Samara\", \"pasport_number\": 1053707.0}','hilbert.thiel@example.org',95),(96,'Demarcus','unde','Becker','1-682-390-5143','{\"city\": \"Moscow\", \"room\": 67.0, \"house\": 350.0, \"street\": \"Moyakovskaya\"}','{\"issued\": \"Moscow\", \"pasport_number\": 1050963.0}','jhickle@example.org',96),(97,'Mable','totam','O\'Kon','1-270-489-3573','{\"city\": \"Moscow\", \"room\": 230.0, \"house\": 287.0, \"street\": \"Moyakovskaya\"}','{\"issued\": \"Samara\", \"pasport_number\": 1084935.0}','neil59@example.org',97),(98,'Mary','ullam','Cummings','1-122-539-3776x69620','{\"city\": \"Moscow\", \"room\": 756.0, \"house\": 289.0, \"street\": \"Moyakovskaya\"}','{\"issued\": \"Samara\", \"pasport_number\": 1055109.0}','lauriane.fahey@example.com',98),(99,'Jazmyn','et','Ruecker','898-465-2353x073','{\"city\": \"Moscow\", \"room\": 291.0, \"house\": 912.0, \"street\": \"Moyakovskaya\"}','{\"issued\": \"Samara\", \"pasport_number\": 1082667.0}','steve.simonis@example.com',99),(100,'Lorenzo','sed','Adams','(678)510-9118x2348','{\"city\": \"Moscow\", \"room\": 721.0, \"house\": 719.0, \"street\": \"Moyakovskaya\"}','{\"issued\": \"Rostov\", \"pasport_number\": 1074689.0}','istrosin@example.net',100);
/*!40000 ALTER TABLE `users_information` ENABLE KEYS */;
UNLOCK TABLES;
/*!50003 SET @saved_cs_client      = @@character_set_client */ ;
/*!50003 SET @saved_cs_results     = @@character_set_results */ ;
/*!50003 SET @saved_col_connection = @@collation_connection */ ;
/*!50003 SET character_set_client  = utf8mb4 */ ;
/*!50003 SET character_set_results = utf8mb4 */ ;
/*!50003 SET collation_connection  = utf8mb4_0900_ai_ci */ ;
/*!50003 SET @saved_sql_mode       = @@sql_mode */ ;
/*!50003 SET sql_mode              = 'ONLY_FULL_GROUP_BY,STRICT_TRANS_TABLES,NO_ZERO_IN_DATE,NO_ZERO_DATE,ERROR_FOR_DIVISION_BY_ZERO,NO_ENGINE_SUBSTITUTION' */ ;
DELIMITER ;;
/*!50003 CREATE*/ /*!50017 DEFINER=`root`@`%`*/ /*!50003 TRIGGER `users_information_AFTER_INSERT` AFTER INSERT ON `users_information` FOR EACH ROW BEGIN
	insert into logs values('user_information', default, new.id, 'added');
END */;;
DELIMITER ;
/*!50003 SET sql_mode              = @saved_sql_mode */ ;
/*!50003 SET character_set_client  = @saved_cs_client */ ;
/*!50003 SET character_set_results = @saved_cs_results */ ;
/*!50003 SET collation_connection  = @saved_col_connection */ ;

--
-- Dumping events for database 'gosuslugi'
--

--
-- Dumping routines for database 'gosuslugi'
--

--
-- Final view structure for view `services_gov_agencie`
--

/*!50001 DROP VIEW IF EXISTS `services_gov_agencie`*/;
/*!50001 SET @saved_cs_client          = @@character_set_client */;
/*!50001 SET @saved_cs_results         = @@character_set_results */;
/*!50001 SET @saved_col_connection     = @@collation_connection */;
/*!50001 SET character_set_client      = utf8mb4 */;
/*!50001 SET character_set_results     = utf8mb4 */;
/*!50001 SET collation_connection      = utf8mb4_0900_ai_ci */;
/*!50001 CREATE ALGORITHM=UNDEFINED */
/*!50013 DEFINER=`root`@`%` SQL SECURITY DEFINER */
/*!50001 VIEW `services_gov_agencie` AS select `ga`.`name` AS `gov_agencie`,`s`.`name` AS `servise` from (`services` `s` join `government_agencies` `ga` on((`s`.`gov_agency_id` = `ga`.`id`))) */;
/*!50001 SET character_set_client      = @saved_cs_client */;
/*!50001 SET character_set_results     = @saved_cs_results */;
/*!50001 SET collation_connection      = @saved_col_connection */;

--
-- Final view structure for view `services_life_sit`
--

/*!50001 DROP VIEW IF EXISTS `services_life_sit`*/;
/*!50001 SET @saved_cs_client          = @@character_set_client */;
/*!50001 SET @saved_cs_results         = @@character_set_results */;
/*!50001 SET @saved_col_connection     = @@collation_connection */;
/*!50001 SET character_set_client      = utf8mb4 */;
/*!50001 SET character_set_results     = utf8mb4 */;
/*!50001 SET collation_connection      = utf8mb4_0900_ai_ci */;
/*!50001 CREATE ALGORITHM=UNDEFINED */
/*!50013 DEFINER=`root`@`%` SQL SECURITY DEFINER */
/*!50001 VIEW `services_life_sit` AS select `lsc`.`name` AS `life_situation_category`,`ls`.`name` AS `life_situation`,`s`.`name` AS `servise` from ((`services` `s` join `life_situations` `ls` on((`s`.`life_situation_id` = `ls`.`id`))) join `life_situation_categories` `lsc` on((`lsc`.`id` = `ls`.`life_situation_category_id`))) order by `lsc`.`name`,`ls`.`name`,`s`.`name` */;
/*!50001 SET character_set_client      = @saved_cs_client */;
/*!50001 SET character_set_results     = @saved_cs_results */;
/*!50001 SET collation_connection      = @saved_col_connection */;

--
-- Final view structure for view `services_service_categories`
--

/*!50001 DROP VIEW IF EXISTS `services_service_categories`*/;
/*!50001 SET @saved_cs_client          = @@character_set_client */;
/*!50001 SET @saved_cs_results         = @@character_set_results */;
/*!50001 SET @saved_col_connection     = @@collation_connection */;
/*!50001 SET character_set_client      = utf8mb4 */;
/*!50001 SET character_set_results     = utf8mb4 */;
/*!50001 SET collation_connection      = utf8mb4_0900_ai_ci */;
/*!50001 CREATE ALGORITHM=UNDEFINED */
/*!50013 DEFINER=`root`@`%` SQL SECURITY DEFINER */
/*!50001 VIEW `services_service_categories` AS select `sc`.`name` AS `service_category_name`,`s`.`name` AS `servise` from (`services` `s` join `service_categories` `sc` on((`s`.`service_category_id` = `sc`.`id`))) */;
/*!50001 SET character_set_client      = @saved_cs_client */;
/*!50001 SET character_set_results     = @saved_cs_results */;
/*!50001 SET collation_connection      = @saved_col_connection */;
/*!40103 SET TIME_ZONE=@OLD_TIME_ZONE */;

/*!40101 SET SQL_MODE=@OLD_SQL_MODE */;
/*!40014 SET FOREIGN_KEY_CHECKS=@OLD_FOREIGN_KEY_CHECKS */;
/*!40014 SET UNIQUE_CHECKS=@OLD_UNIQUE_CHECKS */;
/*!40101 SET CHARACTER_SET_CLIENT=@OLD_CHARACTER_SET_CLIENT */;
/*!40101 SET CHARACTER_SET_RESULTS=@OLD_CHARACTER_SET_RESULTS */;
/*!40101 SET COLLATION_CONNECTION=@OLD_COLLATION_CONNECTION */;
/*!40111 SET SQL_NOTES=@OLD_SQL_NOTES */;

-- Dump completed on 2019-12-30 20:23:18
