-- MySQL dump 10.13  Distrib 8.0.16, for Win64 (x86_64)
--
-- Host: 127.0.0.1    Database: vk
-- ------------------------------------------------------
-- Server version	8.0.15

/*!40101 SET @OLD_CHARACTER_SET_CLIENT=@@CHARACTER_SET_CLIENT */;
/*!40101 SET @OLD_CHARACTER_SET_RESULTS=@@CHARACTER_SET_RESULTS */;
/*!40101 SET @OLD_COLLATION_CONNECTION=@@COLLATION_CONNECTION */;
 SET NAMES utf8 ;
/*!40103 SET @OLD_TIME_ZONE=@@TIME_ZONE */;
/*!40103 SET TIME_ZONE='+00:00' */;
/*!40014 SET @OLD_UNIQUE_CHECKS=@@UNIQUE_CHECKS, UNIQUE_CHECKS=0 */;
/*!40014 SET @OLD_FOREIGN_KEY_CHECKS=@@FOREIGN_KEY_CHECKS, FOREIGN_KEY_CHECKS=0 */;
/*!40101 SET @OLD_SQL_MODE=@@SQL_MODE, SQL_MODE='NO_AUTO_VALUE_ON_ZERO' */;
/*!40111 SET @OLD_SQL_NOTES=@@SQL_NOTES, SQL_NOTES=0 */;

--
-- Table structure for table `friendship`
--

DROP TABLE IF EXISTS `friendship`;
/*!40101 SET @saved_cs_client     = @@character_set_client */;
 SET character_set_client = utf8mb4 ;
CREATE TABLE `friendship` (
  `user_id` int(10) unsigned NOT NULL,
  `friend_id` int(10) unsigned NOT NULL,
  `status_id` int(10) unsigned NOT NULL,
  `requested_at` datetime DEFAULT CURRENT_TIMESTAMP,
  `confirmed_at` datetime DEFAULT NULL,
  PRIMARY KEY (`user_id`,`friend_id`),
  KEY `friendship_user_id_idx` (`user_id`) /*!80000 INVISIBLE */,
  KEY `friendship_friend_id_idx` (`friend_id`)
) ENGINE=InnoDB DEFAULT CHARSET=utf8 COLLATE=utf8_unicode_ci;
/*!40101 SET character_set_client = @saved_cs_client */;

--
-- Dumping data for table `friendship`
--

LOCK TABLES `friendship` WRITE;
/*!40000 ALTER TABLE `friendship` DISABLE KEYS */;
INSERT INTO `friendship` VALUES (0,64,4,'1988-03-21 03:58:29','1972-08-31 10:29:52'),(1,40,2,'1986-06-22 12:12:56','2015-06-02 03:44:53'),(2,5,1,'2009-10-18 18:45:47','1982-10-03 15:40:29'),(2,31,2,'1987-09-30 11:31:38','1996-03-17 02:28:15'),(2,44,3,'2000-05-31 22:35:31','1998-03-10 15:56:57'),(3,62,4,'1980-11-28 20:30:48','1994-03-08 05:27:42'),(3,92,2,'1978-05-21 13:15:38','2009-10-05 00:20:07'),(4,2,1,'2007-12-11 18:09:08','2013-10-10 22:25:35'),(4,8,1,'1972-01-30 16:43:32','2012-08-10 00:38:50'),(4,20,3,'2015-06-26 23:41:37','1977-01-19 09:23:38'),(4,88,3,'2003-10-19 17:04:59','1988-09-11 11:01:29'),(6,31,3,'1975-11-25 20:26:18','2010-12-01 21:10:09'),(6,67,3,'2007-02-28 11:05:04','2010-06-01 10:08:43'),(8,46,2,'1990-07-11 09:24:51','1983-12-17 01:57:19'),(9,63,3,'2018-12-28 15:36:47','1988-07-10 12:59:16'),(10,84,4,'1975-08-04 10:05:25','1975-04-25 23:50:22'),(12,12,2,'2001-07-28 10:45:22','1988-12-18 13:20:19'),(12,15,3,'2012-07-09 11:59:46','1994-03-17 11:52:37'),(13,15,3,'1972-03-11 11:40:54','1986-12-20 10:07:19'),(13,59,1,'1976-10-01 04:28:33','1983-07-16 16:20:55'),(14,52,4,'2001-04-20 06:28:22','1982-05-05 02:56:09'),(14,85,1,'2013-07-12 01:54:05','2001-11-15 05:27:40'),(15,51,4,'1988-05-21 14:15:48','2004-10-10 11:58:37'),(16,72,1,'1995-03-17 15:22:41','1975-12-19 09:43:37'),(17,79,1,'1984-04-08 17:12:47','1985-03-16 21:24:18'),(20,3,4,'1982-05-25 03:19:51','2012-01-03 10:33:28'),(20,36,2,'2002-04-05 15:37:46','1994-05-08 08:24:23'),(20,95,2,'2011-06-21 00:32:57','1975-02-06 19:00:04'),(21,13,3,'1999-03-21 09:21:48','2003-11-05 20:42:08'),(22,54,4,'1992-07-09 03:34:05','1978-10-15 03:02:06'),(22,69,4,'1988-11-10 02:49:26','1973-12-13 15:05:36'),(22,89,2,'2000-01-26 20:17:10','1972-11-01 12:51:58'),(23,4,2,'2017-02-15 09:15:01','1979-03-23 11:52:32'),(23,13,3,'1975-12-29 12:26:54','1977-12-11 01:37:51'),(23,33,3,'1971-10-12 05:43:49','1984-02-18 19:50:32'),(23,51,3,'1999-09-03 23:56:11','2000-07-12 13:35:39'),(23,67,3,'1970-04-30 12:11:42','1973-01-06 21:10:30'),(24,54,1,'2017-10-01 07:42:23','2005-12-13 06:57:58'),(25,96,1,'1970-05-18 09:38:01','1996-10-01 09:27:01'),(26,91,3,'2007-07-28 23:36:57','1979-07-09 06:23:51'),(27,15,4,'2003-09-02 11:28:06','2007-04-04 22:28:05'),(27,52,1,'2017-07-10 05:04:48','1979-08-04 16:45:10'),(28,57,4,'1985-05-13 15:53:12','1984-04-24 14:30:07'),(28,74,1,'1970-05-12 00:13:44','2007-12-17 04:31:40'),(29,40,4,'1990-04-12 02:08:41','2009-06-12 06:50:27'),(29,41,2,'2002-07-11 08:33:12','1979-03-27 14:14:32'),(30,2,2,'2010-02-04 14:59:17','1993-08-02 06:31:47'),(30,81,3,'2007-11-22 12:36:33','2010-04-22 06:22:51'),(31,4,3,'1990-11-12 06:56:50','1970-06-27 04:43:19'),(31,70,2,'2014-06-30 05:58:43','1984-07-13 00:01:11'),(32,25,1,'1995-06-04 17:53:27','1977-10-06 00:36:10'),(32,58,2,'1986-04-14 03:46:58','1995-11-11 21:30:07'),(32,71,4,'2002-11-01 19:00:18','2007-08-20 17:09:19'),(32,94,1,'2014-07-03 08:40:43','2018-09-03 01:30:37'),(32,95,2,'1997-05-02 17:20:29','2012-09-24 04:04:14'),(33,34,3,'1982-10-27 04:33:19','1979-05-20 20:11:06'),(33,39,4,'1991-06-14 11:44:19','1995-12-13 12:56:36'),(33,93,2,'2005-07-05 22:00:17','1990-11-08 18:38:03'),(34,20,4,'2009-04-17 18:03:27','1974-10-20 12:38:38'),(34,51,3,'2011-06-16 16:26:21','2013-10-02 01:25:02'),(35,23,3,'2004-02-27 02:06:36','2017-10-11 23:51:28'),(35,99,2,'1974-07-05 05:08:19','1993-05-08 03:02:05'),(36,91,3,'1982-10-06 19:13:38','1976-09-17 14:48:40'),(37,46,1,'1981-01-23 01:23:44','2011-07-28 20:38:52'),(37,86,4,'1998-02-08 17:47:07','1984-06-11 18:10:15'),(38,4,3,'1999-11-13 15:11:25','2012-11-17 06:24:29'),(38,14,4,'1990-04-05 09:27:33','1984-11-02 05:31:16'),(38,58,4,'1971-01-22 22:57:53','1983-03-19 14:04:43'),(38,78,1,'2004-12-16 19:48:12','1980-06-07 06:51:05'),(39,65,3,'2003-04-16 01:15:22','1991-05-18 18:24:49'),(40,33,3,'1982-04-03 05:40:36','2018-07-14 00:06:21'),(41,24,2,'2013-06-26 14:36:33','2013-01-17 09:56:54'),(41,63,2,'1993-01-16 01:43:00','1984-03-11 20:17:28'),(42,34,2,'1977-03-14 06:00:36','2018-05-19 15:16:15'),(42,59,1,'2003-04-22 03:34:44','2014-10-11 22:33:50'),(43,40,4,'2004-05-28 12:31:26','1999-10-21 23:39:24'),(43,99,4,'1982-01-09 06:41:49','2000-07-06 01:24:43'),(44,55,3,'1999-09-14 00:30:35','2018-12-28 12:13:42'),(46,19,4,'1994-06-13 13:24:48','1985-11-27 17:01:01'),(46,79,2,'1993-01-20 04:41:43','2019-10-26 01:15:40'),(46,84,1,'1970-09-08 03:02:38','1974-11-29 01:13:28'),(47,56,3,'1977-07-23 09:03:00','2009-08-14 15:39:23'),(48,26,4,'1973-12-19 00:02:13','1979-10-12 12:36:46'),(48,67,1,'1994-04-17 19:48:04','2001-07-16 05:56:56'),(48,95,2,'2012-06-08 19:40:15','1994-05-14 06:14:07'),(49,27,2,'2006-06-14 09:27:03','1991-11-02 01:48:50'),(50,23,2,'1979-01-05 14:42:40','1992-09-18 04:15:38'),(50,78,1,'1982-06-26 05:10:56','1988-07-30 14:19:21'),(50,89,4,'1986-07-18 16:11:38','2009-02-16 20:53:36'),(52,32,3,'1997-10-19 23:28:02','1983-08-18 19:25:49'),(53,45,2,'1994-05-07 07:55:51','2003-06-06 05:19:04'),(53,87,3,'2007-09-11 20:34:57','1990-07-17 07:36:30'),(54,77,2,'1997-02-19 12:40:49','2001-03-17 17:32:18'),(54,80,4,'1986-12-25 21:56:01','2006-09-16 01:20:01'),(55,35,1,'1994-09-13 15:41:19','1978-10-06 20:15:24'),(55,48,1,'1973-11-07 22:41:17','2009-11-06 03:24:08'),(55,84,1,'2010-08-09 17:55:29','1992-02-19 18:50:30'),(56,45,2,'1997-03-15 15:46:54','2012-03-20 03:19:45'),(56,64,1,'2012-10-09 06:26:09','2006-10-21 00:53:40'),(56,86,4,'2012-05-27 12:29:00','2018-05-05 05:38:34'),(57,69,2,'1974-10-24 09:55:31','2011-08-22 17:52:55'),(59,59,4,'2000-11-25 15:23:56','2003-11-12 22:36:25'),(60,25,1,'2006-05-26 14:02:28','1989-11-30 07:56:43'),(60,29,1,'1997-03-25 13:56:17','1984-03-24 09:48:17'),(60,50,2,'2010-01-29 15:18:15','1987-08-20 07:21:44'),(60,65,2,'2015-12-21 19:37:52','1992-08-30 22:22:27'),(60,97,2,'1992-02-21 12:28:00','1988-11-28 14:11:01'),(61,18,4,'1984-08-11 14:17:39','2005-11-01 09:48:29'),(61,75,1,'2006-08-11 06:54:09','1970-07-15 19:14:10'),(61,80,3,'1991-01-08 19:10:41','1972-04-29 03:49:50'),(61,93,3,'1984-08-23 02:06:16','1979-05-04 06:08:19'),(62,2,4,'2003-08-13 20:37:05','1991-08-04 12:38:29'),(62,67,1,'2002-08-12 23:41:41','1989-03-23 19:53:09'),(62,87,3,'1986-02-10 07:35:08','1993-07-13 10:31:19'),(63,60,1,'1981-01-14 11:13:54','1977-04-19 10:55:44'),(63,63,1,'2013-11-15 17:08:40','2013-05-08 16:42:00'),(64,78,2,'1996-11-20 19:30:45','1972-11-14 15:45:47'),(66,7,1,'2000-06-15 04:27:01','2012-02-26 06:31:02'),(66,11,4,'1995-07-25 11:25:11','1994-08-17 15:38:20'),(66,97,2,'2011-02-04 04:38:14','1995-05-29 23:21:02'),(67,54,2,'2015-03-10 03:27:25','1975-07-02 13:08:52'),(68,34,1,'2004-07-12 07:18:01','1995-06-02 15:43:40'),(69,15,3,'1981-01-31 08:35:01','1984-01-03 21:20:06'),(69,27,4,'1983-02-27 16:53:38','1972-02-26 08:38:16'),(69,100,4,'2017-07-26 17:44:47','1988-08-10 00:32:08'),(70,8,4,'2011-09-14 15:54:05','1991-04-08 01:03:27'),(71,42,4,'1985-11-28 12:31:32','1985-04-03 12:09:56'),(71,68,2,'1980-07-01 03:18:14','1972-10-30 07:51:14'),(72,16,4,'1990-03-05 22:53:17','1971-10-24 05:39:45'),(72,49,4,'2004-10-02 10:30:50','2012-09-30 11:11:26'),(72,59,3,'2010-03-30 02:45:25','1974-11-05 16:25:04'),(72,78,4,'2017-01-31 18:45:59','1983-12-28 13:06:53'),(73,7,4,'2006-04-19 07:49:03','2013-03-17 16:05:42'),(73,8,2,'1995-05-21 22:03:22','1988-11-17 10:05:27'),(73,57,4,'1997-05-06 07:21:20','1971-06-05 09:12:09'),(74,64,2,'2011-01-05 23:24:21','2001-03-31 08:08:23'),(74,71,1,'1981-05-16 06:16:03','1973-12-10 20:50:34'),(75,10,4,'1994-03-28 02:34:08','1994-07-02 02:02:25'),(76,6,1,'1983-10-21 11:38:15','2015-08-26 20:52:01'),(77,55,2,'2002-05-27 19:57:37','1988-06-14 12:57:01'),(77,77,1,'2015-01-11 00:46:30','1985-08-30 16:51:07'),(78,73,2,'2005-08-28 07:30:07','1991-02-22 12:28:36'),(78,87,1,'1992-11-14 05:24:25','1999-05-04 23:16:44'),(79,10,4,'1983-05-27 22:46:40','2013-02-02 15:32:37'),(79,82,3,'2009-08-29 16:03:56','1995-03-23 19:20:53'),(80,28,3,'2003-06-01 17:42:22','2001-07-31 06:32:56'),(80,82,1,'1986-07-11 10:58:05','2011-01-18 15:34:11'),(80,84,2,'1999-07-12 14:54:20','1980-03-14 16:48:15'),(80,85,1,'1978-01-09 20:38:05','1979-01-10 08:16:26'),(81,27,1,'1980-01-25 22:57:54','1998-02-21 15:38:32'),(81,36,1,'1993-03-25 01:48:40','2011-08-27 08:33:35'),(82,6,3,'2003-05-06 00:54:16','2019-09-06 08:38:05'),(83,24,3,'2003-09-25 12:49:40','2009-03-16 14:20:29'),(83,38,4,'1994-07-12 15:15:45','1979-12-02 00:15:37'),(83,51,3,'1996-06-06 00:32:03','1982-12-27 00:38:10'),(84,26,4,'1995-07-01 13:46:41','1980-08-31 07:01:37'),(84,45,1,'2014-09-03 07:53:06','1981-10-04 00:02:04'),(84,72,4,'1978-05-03 10:32:53','1971-07-18 00:34:01'),(85,72,3,'1977-07-06 05:37:41','1998-09-12 20:37:45'),(85,91,3,'2006-08-29 17:24:13','1973-07-09 12:09:39'),(86,67,2,'2008-02-02 16:41:53','2017-11-27 04:07:24'),(86,75,3,'1990-08-10 17:00:44','1985-12-14 12:52:29'),(87,95,4,'2007-05-18 04:05:22','2004-04-27 23:34:19'),(87,98,4,'1989-02-19 19:50:51','2003-02-17 07:30:18'),(88,77,3,'2011-04-01 11:34:55','1991-02-27 00:01:45'),(88,88,2,'1999-08-31 04:22:01','1986-05-02 19:54:21'),(88,90,1,'2005-06-24 05:49:19','2000-02-08 10:51:15'),(89,9,1,'1993-12-08 08:46:28','1994-04-25 17:14:19'),(89,20,3,'2015-03-21 11:34:12','1991-03-30 18:55:04'),(89,45,2,'2003-06-21 19:20:30','2011-11-10 02:29:25'),(89,57,4,'1978-10-21 02:51:16','2005-07-16 10:05:14'),(89,62,1,'2011-08-01 05:59:27','1979-07-26 13:05:33'),(89,82,3,'1971-04-30 21:45:59','2017-12-26 17:13:36'),(90,15,2,'2004-03-09 15:25:01','1988-10-13 19:10:05'),(92,2,3,'2017-09-27 18:41:52','1982-07-13 11:04:18'),(92,62,4,'2005-10-10 13:58:24','2014-10-02 12:16:40'),(92,92,1,'2006-06-24 00:11:55','1982-01-07 12:27:41'),(93,8,1,'1984-06-21 00:40:05','2006-06-12 12:19:39'),(93,33,1,'1975-08-20 21:18:15','1992-02-19 20:31:47'),(93,43,4,'1975-12-08 14:45:39','1979-05-02 15:29:16'),(93,63,2,'1974-04-17 23:14:59','2007-05-08 10:01:54'),(93,74,4,'2000-03-22 04:44:35','2016-05-10 16:17:32'),(94,17,3,'1981-03-15 18:57:08','1973-11-20 12:41:53'),(94,46,1,'1994-07-22 07:01:25','2004-04-20 19:48:22'),(95,19,1,'1972-05-05 21:11:40','2001-07-09 20:27:58'),(95,23,4,'1976-06-30 06:06:53','2017-08-28 04:36:33'),(95,100,3,'1980-08-23 22:18:19','2004-03-16 03:14:36'),(96,4,2,'1999-05-02 16:57:12','2013-04-07 20:02:35'),(96,8,2,'1987-10-06 09:42:50','2010-12-16 01:42:34'),(96,51,3,'2016-11-23 16:54:00','1971-11-27 02:55:30'),(97,57,3,'2014-01-30 07:40:48','1999-01-02 09:40:05'),(98,2,2,'1977-01-30 06:09:24','1991-09-05 21:35:48'),(98,26,2,'1976-11-10 02:49:13','1993-07-12 11:51:00'),(98,58,2,'2017-09-06 17:23:49','1981-08-27 21:12:13'),(99,3,1,'1982-02-11 11:06:57','2009-09-05 22:22:23'),(99,33,2,'2013-03-04 07:51:46','1993-02-04 16:14:12'),(99,60,1,'2018-10-04 22:33:54','1981-03-08 16:14:52'),(100,32,4,'1972-07-01 16:03:45','2002-04-23 05:22:19');
/*!40000 ALTER TABLE `friendship` ENABLE KEYS */;
UNLOCK TABLES;

--
-- Table structure for table `likes`
--

DROP TABLE IF EXISTS `likes`;
/*!40101 SET @saved_cs_client     = @@character_set_client */;
 SET character_set_client = utf8mb4 ;
CREATE TABLE `likes` (
  `id` int(10) unsigned NOT NULL AUTO_INCREMENT,
  `user` int(11) unsigned DEFAULT NULL,
  `entity_type` int(10) unsigned NOT NULL,
  `entity_id` int(11) unsigned NOT NULL,
  PRIMARY KEY (`id`),
  UNIQUE KEY `id_UNIQUE` (`id`),
  KEY `likes_entoty_type_idx` (`entity_type`),
  KEY `likes_users_ids_idx` (`user`),
  CONSTRAINT `FK_ENTITY_TYPES` FOREIGN KEY (`entity_type`) REFERENCES `like_entity_types` (`id`) ON DELETE CASCADE,
  CONSTRAINT `FK_USERS` FOREIGN KEY (`user`) REFERENCES `users` (`id`) ON DELETE SET NULL
) ENGINE=InnoDB AUTO_INCREMENT=201 DEFAULT CHARSET=utf8;
/*!40101 SET character_set_client = @saved_cs_client */;

--
-- Dumping data for table `likes`
--

LOCK TABLES `likes` WRITE;
/*!40000 ALTER TABLE `likes` DISABLE KEYS */;
INSERT INTO `likes` VALUES (1,100,1,30),(2,64,1,28),(3,88,1,1),(4,45,1,37),(6,5,2,41),(8,80,2,29),(10,29,2,27),(11,52,1,25),(12,75,1,73),(13,98,2,45),(14,76,2,61),(16,32,1,34),(17,8,1,47),(18,67,1,1),(22,99,1,14),(23,8,1,39),(25,7,2,43),(26,26,2,61),(28,25,2,93),(31,12,1,73),(32,58,2,4),(33,53,1,89),(34,21,2,90),(35,67,2,20),(37,66,1,97),(38,66,1,49),(40,72,2,34),(41,73,2,39),(43,14,1,85),(44,61,1,12),(45,78,1,55),(47,57,2,58),(53,74,1,3),(54,21,2,89),(55,8,1,89),(58,39,1,89),(59,75,1,88),(60,50,1,64),(61,54,2,23),(62,51,1,50),(63,34,2,72),(64,46,1,76),(65,59,1,33),(68,49,2,96),(69,43,1,48),(70,78,1,68),(71,12,1,98),(73,91,2,23),(74,11,2,25),(75,77,2,96),(77,1,2,49),(80,55,1,38),(81,95,2,8),(82,99,1,100),(83,44,2,95),(84,34,2,46),(85,89,1,72),(86,29,2,43),(87,56,2,52),(88,47,1,96),(91,40,2,65),(93,96,2,39),(95,28,2,37),(97,91,1,69),(98,13,2,16),(100,26,2,87),(101,3,1,232);
/*!40000 ALTER TABLE `likes` ENABLE KEYS */;
UNLOCK TABLES;

--
-- Table structure for table `profiles`
--

DROP TABLE IF EXISTS `profiles`;
/*!40101 SET @saved_cs_client     = @@character_set_client */;
 SET character_set_client = utf8mb4 ;
CREATE TABLE `profiles` (
  `user_id` int(10) unsigned NOT NULL,
  `sex` char(1) CHARACTER SET utf8 COLLATE utf8_unicode_ci NOT NULL,
  `birthday` date DEFAULT NULL,
  `hometown` varchar(100) CHARACTER SET utf8 COLLATE utf8_unicode_ci DEFAULT NULL,
  `photo_id` int(10) unsigned NOT NULL,
  PRIMARY KEY (`user_id`),
  KEY `profiles_birthday_idx` (`birthday`)
) ENGINE=InnoDB DEFAULT CHARSET=utf8 COLLATE=utf8_unicode_ci;
/*!40101 SET character_set_client = @saved_cs_client */;

--
-- Dumping data for table `profiles`
--

LOCK TABLES `profiles` WRITE;
/*!40000 ALTER TABLE `profiles` DISABLE KEYS */;
INSERT INTO `profiles` VALUES (1,'m','1996-07-02','Yasminview',1),(2,'f','2012-06-07','East Josefina',2),(3,'f','1991-01-21','New Cassidy',3),(4,'f','1975-02-28','New Erling',4),(5,'f','1993-03-05','New Terrell',5),(6,'m','1999-10-10','North Micahfurt',6),(7,'f','2017-11-04','West Daphnee',7),(8,'f','1991-01-29','Roseview',8),(9,'m','2000-05-29','Schuppefurt',9),(10,'m','1972-07-01','Magalimouth',10),(11,'m','1999-05-24','Emeryville',11),(12,'f','1984-02-08','Luciusburgh',12),(13,'f','1980-04-07','South Harrison',13),(14,'m','2016-08-12','Lake Benshire',14),(15,'m','1970-08-21','Jannieburgh',15),(16,'m','1987-12-25','Rogahnland',16),(17,'f','2005-02-18','Lake Erickachester',17),(18,'f','2008-03-20','Velmatown',18),(19,'m','2018-04-20','South Amaliashire',19),(20,'f','1995-05-26','East Marianachester',20),(21,'m','2006-12-22','Port Carrie',21),(22,'f','2001-06-29','Bradlyfort',22),(23,'m','2019-03-06','Streichhaven',23),(24,'m','1995-05-04','Idellchester',24),(25,'f','1979-03-30','Kingfurt',25),(26,'f','1972-05-29','North Reginald',26),(27,'m','1997-01-09','Port Shanelleshire',27),(28,'m','1987-01-22','Port Jackiefort',28),(29,'f','1993-09-26','New Marilyne',29),(30,'f','1978-02-02','Lefflertown',30),(31,'m','1984-08-26','West Mireyaberg',31),(32,'m','2004-06-12','Calebfurt',32),(33,'f','2013-01-07','New Johan',33),(34,'f','1993-03-17','Lakinmouth',34),(35,'m','2014-08-16','North Imatown',35),(36,'f','2012-11-27','West Tressa',36),(37,'m','1981-05-26','Corwinside',37),(38,'f','2016-07-01','North Judyside',38),(39,'f','2012-01-23','South Agustin',39),(40,'f','2018-08-28','Maymiehaven',40),(41,'m','2012-01-14','New Therese',41),(42,'m','1983-11-28','North Marielle',42),(43,'m','1979-10-11','Hintzfurt',43),(44,'m','2009-06-05','North Lulaview',44),(45,'m','2002-01-27','Port Jaydonfurt',45),(46,'f','2004-03-14','Homenickstad',46),(47,'m','2018-12-23','Edgarfort',47),(48,'m','2010-04-01','Columbushaven',48),(49,'m','1996-05-25','South Kayleightown',49),(50,'m','2003-09-22','East Hector',50),(51,'m','2000-08-25','South Austin',51),(52,'m','2006-12-02','East Marcusborough',52),(53,'f','1995-10-12','North Mathildeton',53),(54,'f','1978-09-17','Port Lurline',54),(55,'m','2006-02-28','East Dessie',55),(56,'f','2005-08-19','West Carter',56),(57,'f','2018-08-08','Fatimafort',57),(58,'m','2017-08-14','North Tobin',58),(59,'f','1984-03-08','West Jovanny',59),(60,'m','1986-12-18','Dandreview',60),(61,'m','1979-03-10','Karinaport',61),(62,'m','2001-04-04','West Clint',62),(63,'m','2005-04-30','Mullermouth',63),(64,'m','1985-10-14','Dasiaburgh',64),(65,'f','1997-04-09','Brownchester',65),(66,'m','1988-11-17','Cronaberg',66),(67,'m','2015-02-22','Port Guillermo',67),(68,'f','2019-05-30','Jenifershire',68),(69,'f','2001-01-21','Beerville',69),(70,'f','1986-10-01','Fritschmouth',70),(71,'m','1973-02-23','Weimanntown',71),(72,'f','2017-02-12','East Madisynhaven',72),(73,'m','2000-08-16','New Rosalynchester',73),(74,'f','2008-06-17','Emardland',74),(75,'m','1979-07-21','Ceciliastad',75),(76,'m','2009-11-19','North Bertafort',76),(77,'m','1971-01-04','East Arturo',77),(78,'m','1994-01-04','Bradtketown',78),(79,'m','2008-08-30','West Wilmerton',79),(80,'m','1984-06-09','Kavonhaven',80),(81,'f','1971-02-17','Amosfort',81),(82,'f','1989-04-20','Tromphaven',82),(83,'m','2006-10-10','Estellaton',83),(84,'m','1996-02-19','Hayleychester',84),(85,'f','1973-09-19','Bernierchester',85),(86,'m','1997-11-17','East Junior',86),(87,'f','2019-06-10','Marquesfurt',87),(88,'f','2015-03-05','Medhurstshire',88),(89,'m','1973-12-20','Konopelskibury',89),(90,'f','1990-11-27','North Skylafort',90),(91,'m','2009-07-05','Lake Rosalinda',91),(92,'m','1988-01-01','Bogantown',92),(93,'m','1992-02-01','Lake Guillermomouth',93),(94,'m','1978-11-10','West Keaton',94),(95,'f','1985-07-28','Hermistonland',95),(96,'f','2003-05-03','Nicolasfort',96),(97,'f','1981-07-29','New Krystel',97),(98,'m','1996-06-03','Randalberg',98),(99,'f','1980-07-24','Cobyfort',99),(100,'m','1981-07-19','East Glennaborough',100);
/*!40000 ALTER TABLE `profiles` ENABLE KEYS */;
UNLOCK TABLES;

--
-- Table structure for table `users`
--

DROP TABLE IF EXISTS `users`;
/*!40101 SET @saved_cs_client     = @@character_set_client */;
 SET character_set_client = utf8mb4 ;
CREATE TABLE `users` (
  `id` int(10) unsigned NOT NULL AUTO_INCREMENT,
  `first_name` varchar(100) CHARACTER SET utf8 COLLATE utf8_unicode_ci NOT NULL,
  `last_name` varchar(100) CHARACTER SET utf8 COLLATE utf8_unicode_ci NOT NULL,
  `email` varchar(120) CHARACTER SET utf8 COLLATE utf8_unicode_ci NOT NULL,
  `phone` varchar(120) CHARACTER SET utf8 COLLATE utf8_unicode_ci NOT NULL,
  `created_at` datetime DEFAULT CURRENT_TIMESTAMP,
  `updated_at` datetime DEFAULT CURRENT_TIMESTAMP ON UPDATE CURRENT_TIMESTAMP,
  PRIMARY KEY (`id`),
  UNIQUE KEY `email` (`email`) /*!80000 INVISIBLE */,
  UNIQUE KEY `phone` (`phone`) /*!80000 INVISIBLE */,
  KEY `users_first_last_name_idx` (`first_name`,`last_name`) /*!80000 INVISIBLE */,
  KEY `users_email_idx` (`email`) /*!80000 INVISIBLE */,
  KEY `users_phone_idx` (`phone`)
) ENGINE=InnoDB AUTO_INCREMENT=101 DEFAULT CHARSET=utf8 COLLATE=utf8_unicode_ci;
/*!40101 SET character_set_client = @saved_cs_client */;

--
-- Dumping data for table `users`
--

LOCK TABLES `users` WRITE;
/*!40000 ALTER TABLE `users` DISABLE KEYS */;
INSERT INTO `users` VALUES (1,'Alexa','Runte','gilberto.greenfelder@example.com','1-320-269-6703','1974-01-02 06:12:42','2011-07-15 00:46:32'),(2,'Lavon','Eichmann','mozell13@example.com','1-291-079-9909','1990-03-25 06:29:06','1999-06-03 16:53:07'),(3,'Price','Kessler','felipe.goodwin@example.net','(438)431-8428','1975-08-03 08:20:55','2010-10-05 10:05:25'),(4,'Naomi','Dietrich','bernadette.keebler@example.com','321.009.5858','1992-01-06 21:00:43','1998-08-28 00:18:40'),(5,'Kraig','McCullough','dickinson.kellen@example.org','1-262-194-9318','1995-02-15 04:17:51','1995-02-23 04:17:51'),(6,'Guy','McKenzie','marvin.amira@example.org','(211)349-0236','2014-01-28 06:21:20','2016-11-22 04:07:30'),(7,'Cody','Schoen','blebsack@example.net','918-108-3634x163','1978-01-29 11:02:06','1995-01-08 20:57:18'),(8,'Della','Vandervort','andy01@example.org','(505)979-3018x51614','1982-09-10 02:34:32','1982-09-20 02:34:32'),(9,'Ola','Grant','zcormier@example.org','1-871-817-2123','1990-07-07 22:00:14','2002-12-12 01:15:55'),(10,'Claudie','Kub','erica.pagac@example.net','(505)078-2251','1999-08-22 11:00:50','1999-08-30 11:00:50'),(11,'Grayce','Schiller','nadia.goyette@example.org','(342)172-4497','2004-02-25 11:46:55','2004-03-03 11:46:55'),(12,'Cristobal','D\'Amore','garrett.hessel@example.org','955.992.4009','2019-07-29 09:05:46','2019-08-08 09:05:46'),(13,'Wilton','Wintheiser','oheaney@example.net','748.966.2213','2013-01-22 12:14:49','2013-01-29 12:14:49'),(14,'Brook','Brekke','marcos13@example.com','1-485-018-0655x0372','1996-08-03 21:48:21','2019-03-12 12:08:22'),(15,'William','Ferry','iwaters@example.org','750.075.5010','1986-07-08 12:41:58','2018-04-29 17:54:35'),(16,'Rigoberto','Pagac','creilly@example.com','645-721-9139','1984-03-14 23:26:38','1995-05-14 09:56:16'),(17,'Jerald','Beatty','xharvey@example.net','1-086-207-2743x9862','2004-02-16 14:20:39','2014-10-09 15:12:46'),(18,'Jessika','Daniel','clueilwitz@example.com','623.419.2933x931','1980-05-30 04:38:38','2008-08-12 12:19:57'),(19,'Aliza','Wilderman','shields.janis@example.org','215.322.8329','2016-06-14 04:04:26','2016-06-20 04:04:26'),(20,'Napoleon','Blick','freida.bernhard@example.net','219-372-6636x0727','2005-03-31 22:39:32','2005-04-10 22:39:32'),(21,'Simeon','Roberts','gardner.volkman@example.com','1-041-780-0522','1986-04-29 14:04:38','2017-07-28 09:43:41'),(22,'Hollis','Kutch','bthompson@example.com','004-935-0312x8957','1989-12-10 14:24:07','1999-02-07 08:32:16'),(23,'Yvonne','Funk','moises84@example.com','01344697905','1972-09-09 02:28:12','1992-05-12 02:03:23'),(24,'Saige','Volkman','schneider.josue@example.org','033.039.9747x433','1988-08-13 05:06:30','1995-02-22 01:46:58'),(25,'Tyler','Cartwright','adolphus.raynor@example.net','04395092990','1971-11-15 09:35:45','2009-10-24 07:10:22'),(26,'Holden','Reichert','jack10@example.com','466-897-2676','1971-08-12 22:14:09','1974-06-01 22:43:16'),(27,'Tyrese','Gutkowski','koch.luigi@example.net','777.509.1876x59005','1978-11-11 02:55:19','2011-09-08 21:01:20'),(28,'Selena','Tillman','osbaldo96@example.com','112.319.9823x568','1983-03-05 18:01:07','1987-01-10 14:10:06'),(29,'Brayan','Kemmer','streich.hoyt@example.org','214.479.9909x9395','1988-03-08 03:38:19','1988-03-18 03:38:19'),(30,'Rusty','Wilkinson','yasmine06@example.com','952.832.7438','2000-11-02 15:22:21','2000-11-09 15:22:21'),(31,'Susan','Boehm','sjacobson@example.org','00542017599','1986-03-19 14:07:29','1986-03-28 14:07:29'),(32,'Tillman','O\'Conner','wpollich@example.com','(704)168-5908x3744','2017-11-03 11:19:33','2017-11-08 11:19:33'),(33,'Zoey','Bashirian','rippin.bonnie@example.net','+81(5)0387030098','2009-01-17 08:12:04','2009-01-23 08:12:04'),(34,'Corine','Wehner','aditya.mertz@example.net','1-574-342-7808','1976-04-10 03:21:01','1990-10-18 22:01:54'),(35,'Zackary','Kilback','vito.lockman@example.org','+56(4)9168527670','1984-02-26 20:56:34','1999-05-03 17:13:37'),(36,'Keely','Wolff','tcarroll@example.net','571-239-5141x753','1985-12-14 18:19:46','1985-12-24 18:19:46'),(37,'Princess','Hoeger','laurianne72@example.com','(118)587-7336x881','1974-01-12 03:57:18','2001-03-21 08:06:31'),(38,'Hilda','Krajcik','blaze.mccullough@example.com','699-481-6769','1977-12-04 01:17:36','1984-03-06 10:00:08'),(39,'Araceli','Turcotte','hermann.aubrey@example.net','400-600-9807','1973-08-02 02:05:45','1993-10-31 07:20:23'),(40,'Asa','Simonis','sbahringer@example.com','(487)435-9954x11382','1982-09-10 07:00:10','1991-02-18 12:50:05'),(41,'Ewell','Cremin','aileen34@example.org','167-028-1259x01068','1996-11-23 15:36:18','2013-08-07 14:48:36'),(42,'Amaya','Schmitt','alexandro34@example.com','1-302-209-4033','1971-07-11 07:57:41','2010-04-20 03:02:47'),(43,'Gustave','Botsford','rosetta43@example.net','(455)988-4279','2018-08-14 01:49:38','2018-08-23 01:49:38'),(44,'Lura','Mraz','serenity96@example.net','194-224-5600','1972-10-09 18:10:26','2018-04-01 10:20:15'),(45,'Heather','Wilderman','consuelo69@example.net','00525521501','1978-04-18 23:54:04','1982-09-22 11:38:21'),(46,'Merritt','Upton','estella28@example.org','211.317.2092x88358','1983-12-24 15:49:53','1984-01-03 15:49:53'),(47,'Werner','Gerlach','ricardo.tromp@example.com','1-218-768-8144x20816','2006-05-20 07:25:01','2018-04-19 13:47:47'),(48,'Cordell','Mills','angus.ondricka@example.org','675-539-9518x47033','1974-05-25 21:00:09','1995-08-08 14:31:49'),(49,'Chyna','Jacobi','gkuphal@example.com','111-446-7956x413','2001-01-17 12:55:24','2001-01-25 12:55:24'),(50,'Carlos','Bailey','leffler.kristin@example.org','+09(5)5399456254','1972-06-02 18:11:37','1993-08-03 22:21:47'),(51,'Zaria','Lindgren','jjohnston@example.org','615-211-5707x20564','2009-05-07 07:11:21','2009-10-02 06:21:17'),(52,'Eveline','Cormier','uprohaska@example.org','02509930442','1992-09-20 01:25:12','2009-12-04 20:27:37'),(53,'Marguerite','Crona','dock18@example.com','+92(4)8121515826','2009-09-27 01:00:00','2009-10-06 01:00:00'),(54,'Donna','Kemmer','emitchell@example.org','232-458-2820','1973-08-24 02:34:27','1974-03-10 03:00:25'),(55,'Amaya','Durgan','zaufderhar@example.com','763.410.1038','1996-05-22 07:31:46','1996-06-02 07:31:46'),(56,'Abagail','Douglas','runolfsson.sonny@example.net','(904)182-1369','2014-05-26 20:29:33','2014-06-04 20:29:33'),(57,'Keegan','Beatty','grover.gutmann@example.net','03106588485','2006-12-15 21:19:26','2013-08-09 06:27:58'),(58,'Marcelino','Purdy','drew.hickle@example.org','1-383-556-8119x01320','2000-10-23 04:00:03','2000-10-29 04:00:03'),(59,'Rachel','Leannon','heloise.lubowitz@example.com','1-693-848-6381','2002-06-06 18:14:01','2002-06-13 18:14:01'),(60,'Adelbert','Kovacek','pdoyle@example.com','(873)973-5813x909','1975-04-18 11:36:04','2018-11-12 07:50:17'),(61,'Mavis','Graham','margret54@example.com','109.541.9176','2004-10-16 07:50:10','2013-03-31 19:57:32'),(62,'Gregoria','Schinner','olen40@example.net','682-508-2120x667','2013-08-14 00:04:16','2013-08-25 00:04:16'),(63,'Jude','Cassin','lou.kuhn@example.com','027.376.6236x527','1971-10-29 05:49:06','2016-06-04 01:43:46'),(64,'Macy','Gerlach','aiyana.yost@example.net','1-401-328-8320','1972-06-04 21:50:42','1986-03-13 22:38:52'),(65,'Elise','Harris','baron.cummerata@example.com','512-796-4020x278','2016-04-23 03:21:28','2016-05-03 03:21:28'),(66,'Dell','Fisher','mohr.carol@example.net','668.420.4403','2012-11-23 23:44:58','2012-11-30 23:44:58'),(67,'Lydia','Bashirian','tatum.predovic@example.org','693-836-7678x583','1996-03-12 23:23:05','1996-03-18 23:23:05'),(68,'Eduardo','Nitzsche','adams.jana@example.net','1-604-068-3869x27170','2000-08-15 21:33:10','2006-05-25 04:15:45'),(69,'Telly','Spencer','gbeier@example.net','057.393.8735x38658','1977-05-24 14:43:42','2009-12-26 12:21:27'),(70,'Agustina','Cruickshank','qkilback@example.net','09309325896','2008-01-17 04:45:27','2016-02-21 17:09:49'),(71,'Anna','Nolan','pouros.jamar@example.com','1-399-694-5797','1999-02-24 12:46:50','1999-03-02 12:46:50'),(72,'Kaylah','Pfannerstill','erna23@example.org','224-764-3430','1998-05-30 15:38:11','2010-01-21 12:00:30'),(73,'Salma','Stanton','kris.karson@example.net','584.578.5788x12750','2002-11-10 05:29:11','2002-11-20 05:29:11'),(74,'Chadd','Hirthe','garret.maggio@example.com','1-949-246-1270x67450','1992-06-08 17:41:55','1992-06-14 17:41:55'),(75,'Floy','Quigley','xbrekke@example.org','(162)712-6051x2692','1998-06-14 00:03:12','1998-06-20 00:03:12'),(76,'Alexane','Rowe','marley82@example.net','894.526.7314','1974-09-25 21:07:06','2017-06-18 08:55:14'),(77,'Ettie','Carter','schultz.hanna@example.org','638-712-0682','2004-04-04 16:06:46','2011-10-25 01:55:51'),(78,'Tess','Orn','marietta.o\'kon@example.net','1-158-558-6551x402','1986-08-21 05:51:00','1986-08-27 05:51:00'),(79,'Rosamond','Koepp','torphy.bertha@example.com','03950188174','1986-12-08 19:59:48','1988-09-29 18:09:04'),(80,'Mona','Abbott','ken76@example.net','08929573581','1995-09-15 05:56:53','1995-09-21 05:56:53'),(81,'Branson','Price','d\'amore.thalia@example.org','881-453-0038x275','2000-08-06 22:00:32','2000-08-14 22:00:32'),(82,'Ima','Dibbert','baumbach.madalyn@example.net','355.776.5444x1796','1976-05-27 21:00:10','1989-06-13 03:08:03'),(83,'Cristopher','Anderson','jonathan14@example.net','701-569-3545','1976-04-19 23:48:04','1997-12-12 15:15:16'),(84,'Lea','Gorczany','dino90@example.org','1-689-525-9147','2006-04-24 14:46:24','2006-04-30 14:46:24'),(85,'Wilford','Sawayn','sadams@example.org','961.759.7404','2008-04-27 19:39:25','2008-05-03 19:39:25'),(86,'Tina','Beer','kip25@example.com','406-208-2673','1971-12-06 12:16:18','2006-07-02 05:31:18'),(87,'Zack','Armstrong','jakubowski.laurianne@example.com','237-221-2000x8834','1988-02-28 23:22:27','1988-03-04 23:22:27'),(88,'Alta','Hauck','destinee.barton@example.org','195-059-0000','1987-01-27 17:30:55','1993-05-04 08:05:52'),(89,'Marilie','Hammes','dimitri97@example.net','(681)976-4509','1988-04-05 14:50:45','2015-07-01 03:59:39'),(90,'Jany','Emmerich','leannon.dawson@example.com','1-148-270-3181','1996-01-03 22:09:05','2009-03-28 00:48:56'),(91,'Elna','Haag','tremblay.jaquelin@example.org','+18(5)2174140983','2008-05-10 03:35:45','2008-05-15 03:35:45'),(92,'Finn','O\'Connell','rodriguez.ian@example.net','084-514-2694x85796','1985-04-25 21:53:14','1985-04-30 21:53:14'),(93,'Pearl','Lockman','krista.gleason@example.net','798.965.1513x83463','1993-12-24 01:14:55','2001-11-29 00:46:38'),(94,'Buck','Funk','emanuel10@example.net','385.923.6166x00565','1979-12-20 14:02:35','1979-12-31 14:02:35'),(95,'Cletus','Lubowitz','scarlett61@example.com','635-474-0700','2015-12-11 04:28:13','2018-01-23 14:10:14'),(96,'Makenna','Schinner','aboyle@example.net','270.309.6266x688','1974-02-27 10:17:30','1992-06-09 21:51:48'),(97,'Mathew','Stokes','icasper@example.org','217-702-3495','1997-05-22 00:15:58','1997-06-01 00:15:58'),(98,'Trudie','Hoeger','daphne.jerde@example.org','160-173-4062x1381','1977-07-15 03:10:45','1981-01-13 17:36:43'),(99,'Julio','Wuckert','bailee.lesch@example.com','663-432-7488x89845','2009-05-09 06:52:43','2009-05-16 06:52:43'),(100,'Baby','Sipes','tyree97@example.net','1-177-737-7438x81853','2008-08-16 15:34:18','2008-08-22 15:34:18');
/*!40000 ALTER TABLE `users` ENABLE KEYS */;
UNLOCK TABLES;
/*!40103 SET TIME_ZONE=@OLD_TIME_ZONE */;

/*!40101 SET SQL_MODE=@OLD_SQL_MODE */;
/*!40014 SET FOREIGN_KEY_CHECKS=@OLD_FOREIGN_KEY_CHECKS */;
/*!40014 SET UNIQUE_CHECKS=@OLD_UNIQUE_CHECKS */;
/*!40101 SET CHARACTER_SET_CLIENT=@OLD_CHARACTER_SET_CLIENT */;
/*!40101 SET CHARACTER_SET_RESULTS=@OLD_CHARACTER_SET_RESULTS */;
/*!40101 SET COLLATION_CONNECTION=@OLD_COLLATION_CONNECTION */;
/*!40111 SET SQL_NOTES=@OLD_SQL_NOTES */;

-- Dump completed on 2019-12-23 15:06:59
